Formulation,Formulation_ID,Cationic_Lipid_Mol_Ratio,Phospholipid_Mol_Ratio,Cholesterol_Mol_Ratio,PEG_Lipid_Mol_Ratio,Helper_lipid_ID,Cationic_Lipid_to_mRNA_weight_ratio,Form_comment
T0001_cao2025_systemic_administration_ALC_0315,T0001_cao2025_systemic_administration_ALC_0315,35.0,16.0,46.5,2.5,DSPC,10,default_KK_like_35_16_46.5_2.5_imputed; approximated_from_np_ratio; original_lipid_molar_ratio=blank
T0002_cao2025_systemic_administration_MC3,T0002_cao2025_systemic_administration_MC3,35.0,16.0,46.5,2.5,DSPC,10,default_KK_like_35_16_46.5_2.5_imputed; approximated_from_np_ratio; original_lipid_molar_ratio=blank
T0003_cao2025_systemic_administration_OS4,T0003_cao2025_systemic_administration_OS4,35.0,16.0,46.5,2.5,DOPE,10,default_KK_like_35_16_46.5_2.5_imputed; approximated_from_np_ratio; original_lipid_molar_ratio=blank
T0004_cao2025_systemic_administration_OS4T,T0004_cao2025_systemic_administration_OS4T,35.0,16.0,46.5,2.5,DOPE,10,default_KK_like_35_16_46.5_2.5_imputed; approximated_from_np_ratio; original_lipid_molar_ratio=blank
T0005_cao2025_systemic_administration_SM_102,T0005_cao2025_systemic_administration_SM_102,35.0,16.0,46.5,2.5,DSPC,10,default_KK_like_35_16_46.5_2.5_imputed; approximated_from_np_ratio; original_lipid_molar_ratio=blank
T0006_cao2025_systemic_administration_OS4B,T0006_cao2025_systemic_administration_OS4B,35.0,16.0,46.5,2.5,DOPE,10,default_KK_like_35_16_46.5_2.5_imputed; approximated_from_np_ratio; original_lipid_molar_ratio=blank
T0007_cao2025_systemic_administration_OS4C,T0007_cao2025_systemic_administration_OS4C,35.0,16.0,46.5,2.5,DOPE,10,default_KK_like_35_16_46.5_2.5_imputed; approximated_from_np_ratio; original_lipid_molar_ratio=blank
T0008_cao2025_systemic_administration_OS4D,T0008_cao2025_systemic_administration_OS4D,35.0,16.0,46.5,2.5,DOPE,10,default_KK_like_35_16_46.5_2.5_imputed; approximated_from_np_ratio; original_lipid_molar_ratio=blank
T0009_cao2025_systemic_administration_OS4H,T0009_cao2025_systemic_administration_OS4H,35.0,16.0,46.5,2.5,DOPE,10,default_KK_like_35_16_46.5_2.5_imputed; approximated_from_np_ratio; original_lipid_molar_ratio=blank
T0010_cao2025_systemic_administration_OS4P,T0010_cao2025_systemic_administration_OS4P,35.0,16.0,46.5,2.5,DOPE,10,default_KK_like_35_16_46.5_2.5_imputed; approximated_from_np_ratio; original_lipid_molar_ratio=blank
T0011_cao2025_systemic_administration_OS4R,T0011_cao2025_systemic_administration_OS4R,35.0,16.0,46.5,2.5,DOPE,10,default_KK_like_35_16_46.5_2.5_imputed; approximated_from_np_ratio; original_lipid_molar_ratio=blank
T0012_cao2025_systemic_administration_S0,T0012_cao2025_systemic_administration_S0,35.0,16.0,46.5,2.5,DOPE,10,default_KK_like_35_16_46.5_2.5_imputed; approximated_from_np_ratio; original_lipid_molar_ratio=blank
T0013_cao2025_systemic_administration_S6,T0013_cao2025_systemic_administration_S6,35.0,16.0,46.5,2.5,DOPE,10,default_KK_like_35_16_46.5_2.5_imputed; approximated_from_np_ratio; original_lipid_molar_ratio=blank
T0014_han2024_mouse_astrocyte_iv_SM_102,T0014_han2024_mouse_astrocyte_iv_SM_102,35.0,16.0,46.5,2.5,DSPC,10,default_KK_like_35_16_46.5_2.5_imputed; approximated_from_np_ratio; original_lipid_molar_ratio=blank
T0015_han2024_mouse_astrocyte_iv_SM_102_AP2,T0015_han2024_mouse_astrocyte_iv_SM_102_AP2,35.0,16.0,46.5,2.5,DSPC,10,default_KK_like_35_16_46.5_2.5_imputed; approximated_from_np_ratio; original_lipid_molar_ratio=blank
T0016_han2024_mouse_astrocyte_iv_SM_102_RVG29,T0016_han2024_mouse_astrocyte_iv_SM_102_RVG29,35.0,16.0,46.5,2.5,DSPC,10,default_KK_like_35_16_46.5_2.5_imputed; approximated_from_np_ratio; original_lipid_molar_ratio=blank
T0017_han2024_mouse_astrocyte_iv_SM_102_T7,T0017_han2024_mouse_astrocyte_iv_SM_102_T7,35.0,16.0,46.5,2.5,DSPC,10,default_KK_like_35_16_46.5_2.5_imputed; approximated_from_np_ratio; original_lipid_molar_ratio=blank
T0018_han2024_mouse_astrocyte_iv_SM_102_mApoE,T0018_han2024_mouse_astrocyte_iv_SM_102_mApoE,35.0,16.0,46.5,2.5,DSPC,10,default_KK_like_35_16_46.5_2.5_imputed; approximated_from_np_ratio; original_lipid_molar_ratio=blank
T0019_han2024_mouse_brain_iv_SM_102_AP2,T0019_han2024_mouse_brain_iv_SM_102_AP2,35.0,16.0,46.5,2.5,DSPC,10,default_KK_like_35_16_46.5_2.5_imputed; approximated_from_np_ratio; original_lipid_molar_ratio=blank
T0020_han2024_mouse_brain_iv_SM_102_RVG29,T0020_han2024_mouse_brain_iv_SM_102_RVG29,35.0,16.0,46.5,2.5,DSPC,10,default_KK_like_35_16_46.5_2.5_imputed; approximated_from_np_ratio; original_lipid_molar_ratio=blank
T0021_han2024_mouse_brain_iv_SM_102_T7,T0021_han2024_mouse_brain_iv_SM_102_T7,35.0,16.0,46.5,2.5,DSPC,10,default_KK_like_35_16_46.5_2.5_imputed; approximated_from_np_ratio; original_lipid_molar_ratio=blank
T0022_han2024_mouse_brain_iv_SM_102_mApoE,T0022_han2024_mouse_brain_iv_SM_102_mApoE,35.0,16.0,46.5,2.5,DSPC,10,default_KK_like_35_16_46.5_2.5_imputed; approximated_from_np_ratio; original_lipid_molar_ratio=blank
T0023_han2024_mouse_brain_to_liver_iv_SM_102,T0023_han2024_mouse_brain_to_liver_iv_SM_102,35.0,16.0,46.5,2.5,DSPC,10,default_KK_like_35_16_46.5_2.5_imputed; approximated_from_np_ratio; original_lipid_molar_ratio=blank
T0024_han2024_mouse_brain_to_liver_iv_SM_102_AP2,T0024_han2024_mouse_brain_to_liver_iv_SM_102_AP2,35.0,16.0,46.5,2.5,DSPC,10,default_KK_like_35_16_46.5_2.5_imputed; approximated_from_np_ratio; original_lipid_molar_ratio=blank
T0025_han2024_mouse_brain_to_liver_iv_SM_102_RVG29,T0025_han2024_mouse_brain_to_liver_iv_SM_102_RVG29,35.0,16.0,46.5,2.5,DSPC,10,default_KK_like_35_16_46.5_2.5_imputed; approximated_from_np_ratio; original_lipid_molar_ratio=blank
T0026_han2024_mouse_brain_to_liver_iv_SM_102_T7,T0026_han2024_mouse_brain_to_liver_iv_SM_102_T7,35.0,16.0,46.5,2.5,DSPC,10,default_KK_like_35_16_46.5_2.5_imputed; approximated_from_np_ratio; original_lipid_molar_ratio=blank
T0027_han2024_mouse_brain_to_liver_iv_SM_102_mApoE,T0027_han2024_mouse_brain_to_liver_iv_SM_102_mApoE,35.0,16.0,46.5,2.5,DSPC,10,default_KK_like_35_16_46.5_2.5_imputed; approximated_from_np_ratio; original_lipid_molar_ratio=blank
T0028_han2024_mouse_endothelial_iv_SM_102,T0028_han2024_mouse_endothelial_iv_SM_102,35.0,16.0,46.5,2.5,DSPC,10,default_KK_like_35_16_46.5_2.5_imputed; approximated_from_np_ratio; original_lipid_molar_ratio=blank
T0029_han2024_mouse_endothelial_iv_SM_102_AP2,T0029_han2024_mouse_endothelial_iv_SM_102_AP2,35.0,16.0,46.5,2.5,DSPC,10,default_KK_like_35_16_46.5_2.5_imputed; approximated_from_np_ratio; original_lipid_molar_ratio=blank
T0030_han2024_mouse_endothelial_iv_SM_102_RVG29,T0030_han2024_mouse_endothelial_iv_SM_102_RVG29,35.0,16.0,46.5,2.5,DSPC,10,default_KK_like_35_16_46.5_2.5_imputed; approximated_from_np_ratio; original_lipid_molar_ratio=blank
T0031_han2024_mouse_endothelial_iv_SM_102_T7,T0031_han2024_mouse_endothelial_iv_SM_102_T7,35.0,16.0,46.5,2.5,DSPC,10,default_KK_like_35_16_46.5_2.5_imputed; approximated_from_np_ratio; original_lipid_molar_ratio=blank
T0032_han2024_mouse_endothelial_iv_SM_102_mApoE,T0032_han2024_mouse_endothelial_iv_SM_102_mApoE,35.0,16.0,46.5,2.5,DSPC,10,default_KK_like_35_16_46.5_2.5_imputed; approximated_from_np_ratio; original_lipid_molar_ratio=blank
T0033_han2024_mouse_neuron_iv_SM_102,T0033_han2024_mouse_neuron_iv_SM_102,35.0,16.0,46.5,2.5,DSPC,10,default_KK_like_35_16_46.5_2.5_imputed; approximated_from_np_ratio; original_lipid_molar_ratio=blank
T0034_han2024_mouse_neuron_iv_SM_102_AP2,T0034_han2024_mouse_neuron_iv_SM_102_AP2,35.0,16.0,46.5,2.5,DSPC,10,default_KK_like_35_16_46.5_2.5_imputed; approximated_from_np_ratio; original_lipid_molar_ratio=blank
T0035_han2024_mouse_neuron_iv_SM_102_RVG29,T0035_han2024_mouse_neuron_iv_SM_102_RVG29,35.0,16.0,46.5,2.5,DSPC,10,default_KK_like_35_16_46.5_2.5_imputed; approximated_from_np_ratio; original_lipid_molar_ratio=blank
T0036_han2024_mouse_neuron_iv_SM_102_T7,T0036_han2024_mouse_neuron_iv_SM_102_T7,35.0,16.0,46.5,2.5,DSPC,10,default_KK_like_35_16_46.5_2.5_imputed; approximated_from_np_ratio; original_lipid_molar_ratio=blank
T0037_han2024_mouse_neuron_iv_SM_102_mApoE,T0037_han2024_mouse_neuron_iv_SM_102_mApoE,35.0,16.0,46.5,2.5,DSPC,10,default_KK_like_35_16_46.5_2.5_imputed; approximated_from_np_ratio; original_lipid_molar_ratio=blank
T0038_kuzminich2024_fig4_brain_MTDK1_iv_cKK_E12,T0038_kuzminich2024_fig4_brain_MTDK1_iv_cKK_E12,35.0,16.0,46.5,2.5,DDAB_cholesterol,10,default_KK_like_35_16_46.5_2.5_imputed; approximated_from_np_ratio; original_lipid_molar_ratio=blank
T0039_kuzminich2024_fig4_brain_MTDK1_iv_cKK_E12,T0039_kuzminich2024_fig4_brain_MTDK1_iv_cKK_E12,35.0,16.0,46.5,2.5,DDAB_cholesterol,10,default_KK_like_35_16_46.5_2.5_imputed; approximated_from_np_ratio; original_lipid_molar_ratio=blank
T0040_kuzminich2024_fig4_brain_MTDK1_iv_cKK_E12,T0040_kuzminich2024_fig4_brain_MTDK1_iv_cKK_E12,35.0,16.0,46.5,2.5,DDAB_cholesterol,10,default_KK_like_35_16_46.5_2.5_imputed; approximated_from_np_ratio; original_lipid_molar_ratio=blank
T0041_kuzminich2024_fig4_brain_MTDK1_iv_cKK_E12,T0041_kuzminich2024_fig4_brain_MTDK1_iv_cKK_E12,35.0,16.0,46.5,2.5,DDAB_cholesterol,10,default_KK_like_35_16_46.5_2.5_imputed; approximated_from_np_ratio; original_lipid_molar_ratio=blank
T0042_kuzminich2024_fig4_brain_MTDK1_iv_cKK_E12,T0042_kuzminich2024_fig4_brain_MTDK1_iv_cKK_E12,35.0,16.0,46.5,2.5,DDAB_cholesterol,10,default_KK_like_35_16_46.5_2.5_imputed; approximated_from_np_ratio; original_lipid_molar_ratio=blank
T0043_kuzminich2024_fig5_brain_cat_vs_mod_SM_102,T0043_kuzminich2024_fig5_brain_cat_vs_mod_SM_102,35.0,16.0,46.5,2.5,DSPC,10,default_KK_like_35_16_46.5_2.5_imputed; approximated_from_np_ratio; original_lipid_molar_ratio=blank
T0044_kuzminich2024_fig5_brain_cat_vs_mod_SM_102,T0044_kuzminich2024_fig5_brain_cat_vs_mod_SM_102,35.0,16.0,46.5,2.5,DSPC,10,default_KK_like_35_16_46.5_2.5_imputed; approximated_from_np_ratio; original_lipid_molar_ratio=blank
T0045_kuzminich2024_fig5_brain_cat_vs_mod_SM_102,T0045_kuzminich2024_fig5_brain_cat_vs_mod_SM_102,35.0,16.0,46.5,2.5,DSPC,10,default_KK_like_35_16_46.5_2.5_imputed; approximated_from_np_ratio; original_lipid_molar_ratio=blank
T0046_kuzminich2024_fig5_brain_cat_vs_mod_SM_102,T0046_kuzminich2024_fig5_brain_cat_vs_mod_SM_102,35.0,16.0,46.5,2.5,DSPC,10,default_KK_like_35_16_46.5_2.5_imputed; approximated_from_np_ratio; original_lipid_molar_ratio=blank
T0047_kuzminich2024_fig5_brain_cat_vs_mod_SM_102,T0047_kuzminich2024_fig5_brain_cat_vs_mod_SM_102,35.0,16.0,46.5,2.5,DSPC,10,default_KK_like_35_16_46.5_2.5_imputed; approximated_from_np_ratio; original_lipid_molar_ratio=blank
T0048_kuzminich2024_fig5_brain_cat_vs_mod_cKK_E12,T0048_kuzminich2024_fig5_brain_cat_vs_mod_cKK_E12,35.0,16.0,46.5,2.5,DDAB_cholesterol,10,default_KK_like_35_16_46.5_2.5_imputed; approximated_from_np_ratio; original_lipid_molar_ratio=blank
T0049_kuzminich2024_fig5_brain_cat_vs_mod_cKK_E12,T0049_kuzminich2024_fig5_brain_cat_vs_mod_cKK_E12,35.0,16.0,46.5,2.5,DDAB_cholesterol,10,default_KK_like_35_16_46.5_2.5_imputed; approximated_from_np_ratio; original_lipid_molar_ratio=blank
T0050_kuzminich2024_fig5_brain_cat_vs_mod_cKK_E12,T0050_kuzminich2024_fig5_brain_cat_vs_mod_cKK_E12,35.0,16.0,46.5,2.5,DDAB_cholesterol,10,default_KK_like_35_16_46.5_2.5_imputed; approximated_from_np_ratio; original_lipid_molar_ratio=blank
T0051_kuzminich2024_fig5_brain_cat_vs_mod_cKK_E12,T0051_kuzminich2024_fig5_brain_cat_vs_mod_cKK_E12,35.0,16.0,46.5,2.5,DDAB_cholesterol,10,default_KK_like_35_16_46.5_2.5_imputed; approximated_from_np_ratio; original_lipid_molar_ratio=blank
T0052_kuzminich2024_fig5_brain_cat_vs_mod_cKK_E12,T0052_kuzminich2024_fig5_brain_cat_vs_mod_cKK_E12,35.0,16.0,46.5,2.5,DDAB_cholesterol,10,default_KK_like_35_16_46.5_2.5_imputed; approximated_from_np_ratio; original_lipid_molar_ratio=blank
T0053_ma2020_NT_lipidoids_NT1_O12B,T0053_ma2020_NT_lipidoids_NT1_O12B,35.0,16.0,46.5,2.5,DOPE,10,default_KK_like_35_16_46.5_2.5_imputed; default_10_imputed; original_lipid_molar_ratio=10:1 w/w NT1-O12B:DiR dye formulation
T0054_ma2020_NT_lipidoids_NT1_O14B,T0054_ma2020_NT_lipidoids_NT1_O14B,35.0,16.0,46.5,2.5,DOPE,10,default_KK_like_35_16_46.5_2.5_imputed; default_10_imputed; original_lipid_molar_ratio=10:1 w/w NT1-O14B:DiR dye formulation
T0055_ma2020_NT_lipidoids_NT1_O16B,T0055_ma2020_NT_lipidoids_NT1_O16B,35.0,16.0,46.5,2.5,DOPE,10,default_KK_like_35_16_46.5_2.5_imputed; default_10_imputed; original_lipid_molar_ratio=10:1 w/w NT1-O16B:DiR dye formulation
T0056_ma2020_NT_lipidoids_NT1_O18B,T0056_ma2020_NT_lipidoids_NT1_O18B,35.0,16.0,46.5,2.5,DOPE,10,default_KK_like_35_16_46.5_2.5_imputed; default_10_imputed; original_lipid_molar_ratio=10:1 w/w NT1-O18B:DiR dye formulation
T0057_sela2025_bt_lnp_iv_fig3c_SM_102,T0057_sela2025_bt_lnp_iv_fig3c_SM_102,35.0,16.0,46.5,2.5,DOPE,10,default_KK_like_35_16_46.5_2.5_imputed; approximated_from_np_ratio; original_lipid_molar_ratio=blank
T0058_sela2025_bt_lnp_iv_fig3c_SM_102_Acetylcholine_LNP,T0058_sela2025_bt_lnp_iv_fig3c_SM_102_Acetylcholine_LNP,35.0,16.0,46.5,2.5,DOPE,10,default_KK_like_35_16_46.5_2.5_imputed; approximated_from_np_ratio; original_lipid_molar_ratio=blank
T0059_sela2025_bt_lnp_iv_fig3c_SM_102_Cocaine_LNP,T0059_sela2025_bt_lnp_iv_fig3c_SM_102_Cocaine_LNP,35.0,16.0,46.5,2.5,DOPE,10,default_KK_like_35_16_46.5_2.5_imputed; approximated_from_np_ratio; original_lipid_molar_ratio=blank
T0060_sela2025_bt_lnp_iv_fig3c_SM_102_Glucose_LNP,T0060_sela2025_bt_lnp_iv_fig3c_SM_102_Glucose_LNP,35.0,16.0,46.5,2.5,DOPE,10,default_KK_like_35_16_46.5_2.5_imputed; approximated_from_np_ratio; original_lipid_molar_ratio=blank
T0061_sela2025_bt_lnp_iv_fig3c_SM_102_Memantine_LNP,T0061_sela2025_bt_lnp_iv_fig3c_SM_102_Memantine_LNP,35.0,16.0,46.5,2.5,DOPE,10,default_KK_like_35_16_46.5_2.5_imputed; approximated_from_np_ratio; original_lipid_molar_ratio=blank
T0062_sela2025_bt_lnp_iv_fig3c_SM_102_Methylphenidate_LNP,T0062_sela2025_bt_lnp_iv_fig3c_SM_102_Methylphenidate_LNP,35.0,16.0,46.5,2.5,DOPE,10,default_KK_like_35_16_46.5_2.5_imputed; approximated_from_np_ratio; original_lipid_molar_ratio=blank
T0063_sela2025_bt_lnp_iv_fig3c_SM_102_Nicotine_LNP,T0063_sela2025_bt_lnp_iv_fig3c_SM_102_Nicotine_LNP,35.0,16.0,46.5,2.5,DOPE,10,default_KK_like_35_16_46.5_2.5_imputed; approximated_from_np_ratio; original_lipid_molar_ratio=blank
T0064_sela2025_bt_lnp_iv_fig3c_SM_102_Norepinephrine_LNP,T0064_sela2025_bt_lnp_iv_fig3c_SM_102_Norepinephrine_LNP,35.0,16.0,46.5,2.5,DOPE,10,default_KK_like_35_16_46.5_2.5_imputed; approximated_from_np_ratio; original_lipid_molar_ratio=blank
T0065_sela2025_bt_lnp_iv_fig3c_SM_102_Tryptophan_LNP,T0065_sela2025_bt_lnp_iv_fig3c_SM_102_Tryptophan_LNP,35.0,16.0,46.5,2.5,DOPE,10,default_KK_like_35_16_46.5_2.5_imputed; approximated_from_np_ratio; original_lipid_molar_ratio=blank
T0066_sela2025_bt_lnp_iv_fig4b_SM_102,T0066_sela2025_bt_lnp_iv_fig4b_SM_102,35.0,16.0,46.5,2.5,DOPE,10,default_KK_like_35_16_46.5_2.5_imputed; approximated_from_np_ratio; original_lipid_molar_ratio=blank
T0067_sela2025_bt_lnp_iv_fig4b_SM_102,T0067_sela2025_bt_lnp_iv_fig4b_SM_102,35.0,16.0,46.5,2.5,DOPE,10,default_KK_like_35_16_46.5_2.5_imputed; approximated_from_np_ratio; original_lipid_molar_ratio=blank
T0068_sela2025_bt_lnp_iv_fig4b_SM_102,T0068_sela2025_bt_lnp_iv_fig4b_SM_102,35.0,16.0,46.5,2.5,DOPE,10,default_KK_like_35_16_46.5_2.5_imputed; approximated_from_np_ratio; original_lipid_molar_ratio=blank
T0069_sela2025_bt_lnp_iv_fig4b_SM_102_Acetylcholine_LNP,T0069_sela2025_bt_lnp_iv_fig4b_SM_102_Acetylcholine_LNP,35.0,16.0,46.5,2.5,DOPE,10,default_KK_like_35_16_46.5_2.5_imputed; approximated_from_np_ratio; original_lipid_molar_ratio=blank
T0070_sela2025_bt_lnp_iv_fig4b_SM_102_Acetylcholine_LNP,T0070_sela2025_bt_lnp_iv_fig4b_SM_102_Acetylcholine_LNP,35.0,16.0,46.5,2.5,DOPE,10,default_KK_like_35_16_46.5_2.5_imputed; approximated_from_np_ratio; original_lipid_molar_ratio=blank
T0071_sela2025_bt_lnp_iv_fig4b_SM_102_Acetylcholine_LNP,T0071_sela2025_bt_lnp_iv_fig4b_SM_102_Acetylcholine_LNP,35.0,16.0,46.5,2.5,DOPE,10,default_KK_like_35_16_46.5_2.5_imputed; approximated_from_np_ratio; original_lipid_molar_ratio=blank
T0072_sela2025_bt_lnp_iv_fig4b_SM_102_Nicotine_LNP,T0072_sela2025_bt_lnp_iv_fig4b_SM_102_Nicotine_LNP,35.0,16.0,46.5,2.5,DOPE,10,default_KK_like_35_16_46.5_2.5_imputed; approximated_from_np_ratio; original_lipid_molar_ratio=blank
T0073_sela2025_bt_lnp_iv_fig4b_SM_102_Nicotine_LNP,T0073_sela2025_bt_lnp_iv_fig4b_SM_102_Nicotine_LNP,35.0,16.0,46.5,2.5,DOPE,10,default_KK_like_35_16_46.5_2.5_imputed; approximated_from_np_ratio; original_lipid_molar_ratio=blank
T0074_sela2025_bt_lnp_iv_fig4b_SM_102_Nicotine_LNP,T0074_sela2025_bt_lnp_iv_fig4b_SM_102_Nicotine_LNP,35.0,16.0,46.5,2.5,DOPE,10,default_KK_like_35_16_46.5_2.5_imputed; approximated_from_np_ratio; original_lipid_molar_ratio=blank
T0075_sela2025_bt_lnp_iv_fig4b_SM_102_Nicotine_LNP,T0075_sela2025_bt_lnp_iv_fig4b_SM_102_Nicotine_LNP,35.0,16.0,46.5,2.5,DOPE,10,default_KK_like_35_16_46.5_2.5_imputed; approximated_from_np_ratio; original_lipid_molar_ratio=blank
T0076_tong2025_peg_anchor_gbm_brain_iv_SM_102_NT1_O14B,T0076_tong2025_peg_anchor_gbm_brain_iv_SM_102_NT1_O14B,35.0,16.0,46.5,2.5,DSPC,10,default_KK_like_35_16_46.5_2.5_imputed; approximated_from_np_ratio; original_lipid_molar_ratio=blank
T0077_tong2025_peg_anchor_gbm_brain_iv_SM_102_NT1_O14B,T0077_tong2025_peg_anchor_gbm_brain_iv_SM_102_NT1_O14B,35.0,16.0,46.5,2.5,DSPC,10,default_KK_like_35_16_46.5_2.5_imputed; approximated_from_np_ratio; original_lipid_molar_ratio=blank
T0078_tong2025_peg_anchor_gbm_brain_iv_SM_102_NT1_O14B,T0078_tong2025_peg_anchor_gbm_brain_iv_SM_102_NT1_O14B,35.0,16.0,46.5,2.5,DSPC,10,default_KK_like_35_16_46.5_2.5_imputed; approximated_from_np_ratio; original_lipid_molar_ratio=blank
T0079_tong2025_peg_anchor_gbm_brain_iv_SM_102_NT1_O14B,T0079_tong2025_peg_anchor_gbm_brain_iv_SM_102_NT1_O14B,35.0,16.0,46.5,2.5,DSPC,10,default_KK_like_35_16_46.5_2.5_imputed; approximated_from_np_ratio; original_lipid_molar_ratio=blank
T0080_tong2025_peg_anchor_gbm_brain_iv_SM_102_NT1_O14B,T0080_tong2025_peg_anchor_gbm_brain_iv_SM_102_NT1_O14B,35.0,16.0,46.5,2.5,DSPC,10,default_KK_like_35_16_46.5_2.5_imputed; approximated_from_np_ratio; original_lipid_molar_ratio=blank
T0081_tong2025_peg_anchor_gbm_siplk1_iv_SM_102_NT1_O14B,T0081_tong2025_peg_anchor_gbm_siplk1_iv_SM_102_NT1_O14B,35.0,16.0,46.5,2.5,DSPC,10,default_KK_like_35_16_46.5_2.5_imputed; approximated_from_np_ratio; original_lipid_molar_ratio=blank
T0082_tong2025_peg_anchor_gbm_siplk1_iv_SM_102_NT1_O14B,T0082_tong2025_peg_anchor_gbm_siplk1_iv_SM_102_NT1_O14B,35.0,16.0,46.5,2.5,DSPC,10,default_KK_like_35_16_46.5_2.5_imputed; approximated_from_np_ratio; original_lipid_molar_ratio=blank
T0083_tong2025_peg_anchor_gbm_siplk1_iv_SM_102_NT1_O14B,T0083_tong2025_peg_anchor_gbm_siplk1_iv_SM_102_NT1_O14B,35.0,16.0,46.5,2.5,DSPC,10,default_KK_like_35_16_46.5_2.5_imputed; approximated_from_np_ratio; original_lipid_molar_ratio=blank
T0084_tong2025_peg_anchor_gbm_siplk1_iv_SM_102_NT1_O14B,T0084_tong2025_peg_anchor_gbm_siplk1_iv_SM_102_NT1_O14B,35.0,16.0,46.5,2.5,DSPC,10,default_KK_like_35_16_46.5_2.5_imputed; approximated_from_np_ratio; original_lipid_molar_ratio=blank
T0085_tong2025_peg_anchor_gbm_siplk1_iv_SM_102_NT1_O14B,T0085_tong2025_peg_anchor_gbm_siplk1_iv_SM_102_NT1_O14B,35.0,16.0,46.5,2.5,DSPC,10,default_KK_like_35_16_46.5_2.5_imputed; approximated_from_np_ratio; original_lipid_molar_ratio=blank
T0086_tong2025_peg_anchor_healthy_brain_i_SM_102_NT1_O14B,T0086_tong2025_peg_anchor_healthy_brain_i_SM_102_NT1_O14B,35.0,16.0,46.5,2.5,DSPC,10,default_KK_like_35_16_46.5_2.5_imputed; approximated_from_np_ratio; original_lipid_molar_ratio=blank
T0087_tong2025_peg_anchor_healthy_brain_i_SM_102_NT1_O14B,T0087_tong2025_peg_anchor_healthy_brain_i_SM_102_NT1_O14B,35.0,16.0,46.5,2.5,DSPC,10,default_KK_like_35_16_46.5_2.5_imputed; approximated_from_np_ratio; original_lipid_molar_ratio=blank
T0088_tong2025_peg_anchor_healthy_brain_i_SM_102_NT1_O14B,T0088_tong2025_peg_anchor_healthy_brain_i_SM_102_NT1_O14B,35.0,16.0,46.5,2.5,DSPC,10,default_KK_like_35_16_46.5_2.5_imputed; approximated_from_np_ratio; original_lipid_molar_ratio=blank
T0089_tong2025_peg_anchor_healthy_brain_i_SM_102_NT1_O14B,T0089_tong2025_peg_anchor_healthy_brain_i_SM_102_NT1_O14B,35.0,16.0,46.5,2.5,DSPC,10,default_KK_like_35_16_46.5_2.5_imputed; approximated_from_np_ratio; original_lipid_molar_ratio=blank
T0090_tong2025_peg_anchor_healthy_brain_i_SM_102_NT1_O14B,T0090_tong2025_peg_anchor_healthy_brain_i_SM_102_NT1_O14B,35.0,16.0,46.5,2.5,DSPC,10,default_KK_like_35_16_46.5_2.5_imputed; approximated_from_np_ratio; original_lipid_molar_ratio=blank
T0091_han2026_brain_barcode_iv_lnp14_C14_306,T0091_han2026_brain_barcode_iv_lnp14_C14_306,45,16,36.5,2.5,DOPE,10,source-backed C14-306 formulation; 45:16:36.5:2.5 C14-306:DOPE:cholesterol:C14-PEG2000 molar; ionizable lipid:mRNA 10:1 w/w; IV FLuc mRNA 0.35 mg/kg; target=within-assay z-score of log2(fold vs SM-102); SNAP_265
T0092_han2026_brain_barcode_iv_lnp13_C14_306,T0092_han2026_brain_barcode_iv_lnp13_C14_306,35,16,46.5,2.5,DOPE,10,source-backed C14-306 formulation; 35:16:46.5:2.5 C14-306:DOPE:cholesterol:C14-PEG2000 molar; ionizable lipid:mRNA 10:1 w/w; IV FLuc mRNA 0.35 mg/kg; target=within-assay z-score of log2(fold vs SM-102); SNAP_267
