Experiment_ID,Library_ID,Delivery_target,Route_of_administration,Model_type,Cargo_type,Batch_or_individual_or_barcoded,Goal,Value_name,Sample_weight,Random_id,Lipid_name,Amine,Tail,source_row,source_dataset_id,ionizable_lipid,target_original,Route_original,Model_type_original,Read_Out_Type,Assay_type,raw_delivery_value,raw_delivery_unit,delivery_direction_handling,directional_delivery_value,normalization_group,normalization_group_n,normalization_group_mean_directional,normalization_group_std_directional,size_nm,zeta_mV,pKa,np_ratio,lipid_molar_ratio_original,helper_lipid_original,peg_lipid,smiles_original,smiles_canonical
Brain_LNPDB_v2_training,Brain_LNPDB_v2,brain,intravenous,Mouse,mRNA,Individual,max,within_assay_zscored_delivery_higher_is_better,1,1,ALC-0315,ALC-0315,,45,cao2025_systemic_administration,ALC-0315,Brain,intravenous,Mouse,,,1.3,fold vs MC3 luminescence intensity,higher_is_better,1.3,cao2025_systemic_administration__fold_vs_MC3_luminescence_intensity,5,15.14,22.48240200690309,NR,NR,NR,10.0:1,,DSPC,ALC-0159,OCCCCN(CCCCCCOC(C(CCCCCC)CCCCCCCC)=O)CCCCCCOC(C(CCCCCC)CCCCCCCC)=O,CCCCCCCCC(CCCCCC)C(=O)OCCCCCCN(CCCCO)CCCCCCOC(=O)C(CCCCCC)CCCCCCCC
Brain_LNPDB_v2_training,Brain_LNPDB_v2,brain,intravenous,Mouse,mRNA,Individual,max,within_assay_zscored_delivery_higher_is_better,1,2,MC3,MC3,,43,cao2025_systemic_administration,MC3,Brain,intravenous,Mouse,,,1.0,fold vs MC3 luminescence intensity,higher_is_better,1.0,cao2025_systemic_administration__fold_vs_MC3_luminescence_intensity,5,15.14,22.48240200690309,NR,NR,NR,10.0:1,,DSPC,DMG-PEG2k,O=C(O[13CH]([13CH2]CCCCCCC/C=C\C/C=C\CCCCC)[13CH2]CCCCCCC/C=C\C/C=C\CCCCC)CCCN(C)C,CCCCC/C=C\C/C=C\CCCCCCC[13CH2][13CH]([13CH2]CCCCCCC/C=C\C/C=C\CCCCC)OC(=O)CCCN(C)C
Brain_LNPDB_v2_training,Brain_LNPDB_v2,brain,intravenous,Mouse,mRNA,Individual,max,within_assay_zscored_delivery_higher_is_better,1,3,OS4,OS4,,41,cao2025_systemic_administration,OS4,Brain,intravenous,Mouse,,,13.3,fold vs MC3 luminescence intensity,higher_is_better,13.3,cao2025_systemic_administration__fold_vs_MC3_luminescence_intensity,5,15.14,22.48240200690309,110,-7,NR,10.0:1,,DOPE,DMG-PEG2k,CCCCCC(CC)OC(=O)CCCCCCCCN(CCCCCCCCC(=O)OC(CC)CCCCC)CCCCCC(=O)NC1CCN(C2=CC=CC(Cl)=N2)CC1,CCCCCC(CC)OC(=O)CCCCCCCCN(CCCCCCCCC(=O)OC(CC)CCCCC)CCCCCC(=O)NC1CCN(c2cccc(Cl)n2)CC1
Brain_LNPDB_v2_training,Brain_LNPDB_v2,brain,intravenous,Mouse,mRNA,Individual,max,within_assay_zscored_delivery_higher_is_better,1,4,OS4T,OS4T,,42,cao2025_systemic_administration,OS4T,Brain,intravenous,Mouse,,,59.1,fold vs MC3 luminescence intensity,higher_is_better,59.1,cao2025_systemic_administration__fold_vs_MC3_luminescence_intensity,5,15.14,22.48240200690309,125,16,NR,10.0:1,,DOPE,DSPE-PEG2k-Mal,CCCCCC(CC)OC(=O)CCCCCCCCN(CCCCCCCCC(=O)OC(CC)CCCCC)CCCCCC(=O)NC1CCN(C2=CC=CC(Cl)=N2)CC1,CCCCCC(CC)OC(=O)CCCCCCCCN(CCCCCCCCC(=O)OC(CC)CCCCC)CCCCCC(=O)NC1CCN(c2cccc(Cl)n2)CC1
Brain_LNPDB_v2_training,Brain_LNPDB_v2,brain,intravenous,Mouse,mRNA,Individual,max,within_assay_zscored_delivery_higher_is_better,1,5,SM-102,SM-102,,44,cao2025_systemic_administration,SM-102,Brain,intravenous,Mouse,,,1.0,fold vs MC3 luminescence intensity,higher_is_better,1.0,cao2025_systemic_administration__fold_vs_MC3_luminescence_intensity,5,15.14,22.48240200690309,NR,NR,NR,10.0:1,,DSPC,DMG-PEG2k,O=C(OC(CCCCCCCC)CCCCCCCC)CCCCCCCN(CCO)CCCCCC(OCCCCCCCCCCC)=O,CCCCCCCCCCCOC(=O)CCCCCN(CCO)CCCCCCCC(=O)OC(CCCCCCCC)CCCCCCCC
Brain_LNPDB_v2_training,Brain_LNPDB_v2,brain,intravenous,Mouse,mRNA,Individual,max,within_assay_zscored_delivery_higher_is_better,1,6,OS4B,OS4B,,48,cao2025_systemic_administration,OS4B,Brain,intravenous,Mouse,,,1.5,fold vs OS4 luminescence intensity,higher_is_better,1.5,cao2025_systemic_administration__fold_vs_OS4_luminescence_intensity,6,3.5833333333333335,1.693533452741798,200,21,NR,10.0:1,,DOPE,DSPE-PEG2k-Mal,CCCCCC(CC)OC(=O)CCCCCCCCN(CCCCCCCCC(=O)OC(CC)CCCCC)CCCCCC(=O)NC1CCN(C2=CC=CC(Cl)=N2)CC1,CCCCCC(CC)OC(=O)CCCCCCCCN(CCCCCCCCC(=O)OC(CC)CCCCC)CCCCCC(=O)NC1CCN(c2cccc(Cl)n2)CC1
Brain_LNPDB_v2_training,Brain_LNPDB_v2,brain,intravenous,Mouse,mRNA,Individual,max,within_assay_zscored_delivery_higher_is_better,1,7,OS4C,OS4C,,49,cao2025_systemic_administration,OS4C,Brain,intravenous,Mouse,,,2.5,fold vs OS4 luminescence intensity,higher_is_better,2.5,cao2025_systemic_administration__fold_vs_OS4_luminescence_intensity,6,3.5833333333333335,1.693533452741798,500,14,NR,10.0:1,,DOPE,DSPE-PEG2k-Mal,CCCCCC(CC)OC(=O)CCCCCCCCN(CCCCCCCCC(=O)OC(CC)CCCCC)CCCCCC(=O)NC1CCN(C2=CC=CC(Cl)=N2)CC1,CCCCCC(CC)OC(=O)CCCCCCCCN(CCCCCCCCC(=O)OC(CC)CCCCC)CCCCCC(=O)NC1CCN(c2cccc(Cl)n2)CC1
Brain_LNPDB_v2_training,Brain_LNPDB_v2,brain,intravenous,Mouse,mRNA,Individual,max,within_assay_zscored_delivery_higher_is_better,1,8,OS4D,OS4D,,50,cao2025_systemic_administration,OS4D,Brain,intravenous,Mouse,,,2.5,fold vs OS4 luminescence intensity,higher_is_better,2.5,cao2025_systemic_administration__fold_vs_OS4_luminescence_intensity,6,3.5833333333333335,1.693533452741798,150,27,NR,10.0:1,,DOPE,DSPE-PEG2k-Mal,CCCCCC(CC)OC(=O)CCCCCCCCN(CCCCCCCCC(=O)OC(CC)CCCCC)CCCCCC(=O)NC1CCN(C2=CC=CC(Cl)=N2)CC1,CCCCCC(CC)OC(=O)CCCCCCCCN(CCCCCCCCC(=O)OC(CC)CCCCC)CCCCCC(=O)NC1CCN(c2cccc(Cl)n2)CC1
Brain_LNPDB_v2_training,Brain_LNPDB_v2,brain,intravenous,Mouse,mRNA,Individual,max,within_assay_zscored_delivery_higher_is_better,1,9,OS4H,OS4H,,51,cao2025_systemic_administration,OS4H,Brain,intravenous,Mouse,,,5.0,fold vs OS4 luminescence intensity,higher_is_better,5.0,cao2025_systemic_administration__fold_vs_OS4_luminescence_intensity,6,3.5833333333333335,1.693533452741798,300,23,NR,10.0:1,,DOPE,DSPE-PEG2k-Mal,CCCCCC(CC)OC(=O)CCCCCCCCN(CCCCCCCCC(=O)OC(CC)CCCCC)CCCCCC(=O)NC1CCN(C2=CC=CC(Cl)=N2)CC1,CCCCCC(CC)OC(=O)CCCCCCCCN(CCCCCCCCC(=O)OC(CC)CCCCC)CCCCCC(=O)NC1CCN(c2cccc(Cl)n2)CC1
Brain_LNPDB_v2_training,Brain_LNPDB_v2,brain,intravenous,Mouse,mRNA,Individual,max,within_assay_zscored_delivery_higher_is_better,1,10,OS4P,OS4P,,46,cao2025_systemic_administration,OS4P,Brain,intravenous,Mouse,,,6.5,fold vs OS4 luminescence intensity,higher_is_better,6.5,cao2025_systemic_administration__fold_vs_OS4_luminescence_intensity,6,3.5833333333333335,1.693533452741798,120,27,NR,10.0:1,,DOPE,DSPE-PEG2k-Mal,CCCCCC(CC)OC(=O)CCCCCCCCN(CCCCCCCCC(=O)OC(CC)CCCCC)CCCCCC(=O)NC1CCN(C2=CC=CC(Cl)=N2)CC1,CCCCCC(CC)OC(=O)CCCCCCCCN(CCCCCCCCC(=O)OC(CC)CCCCC)CCCCCC(=O)NC1CCN(c2cccc(Cl)n2)CC1
Brain_LNPDB_v2_training,Brain_LNPDB_v2,brain,intravenous,Mouse,mRNA,Individual,max,within_assay_zscored_delivery_higher_is_better,1,11,OS4R,OS4R,,47,cao2025_systemic_administration,OS4R,Brain,intravenous,Mouse,,,3.5,fold vs OS4 luminescence intensity,higher_is_better,3.5,cao2025_systemic_administration__fold_vs_OS4_luminescence_intensity,6,3.5833333333333335,1.693533452741798,150,25,NR,10.0:1,,DOPE,DSPE-PEG2k-Mal,CCCCCC(CC)OC(=O)CCCCCCCCN(CCCCCCCCC(=O)OC(CC)CCCCC)CCCCCC(=O)NC1CCN(C2=CC=CC(Cl)=N2)CC1,CCCCCC(CC)OC(=O)CCCCCCCCN(CCCCCCCCC(=O)OC(CC)CCCCC)CCCCCC(=O)NC1CCN(c2cccc(Cl)n2)CC1
Brain_LNPDB_v2_training,Brain_LNPDB_v2,brain,intravenous,Mouse,mRNA,Individual,max,within_assay_zscored_delivery_higher_is_better,1,12,S0,S0,,38,cao2025_systemic_administration,S0,Brain,intravenous,Mouse,,,0.22,fold vs S4 luminescence intensity,higher_is_better,0.22,cao2025_systemic_administration__fold_vs_S4_luminescence_intensity,2,0.14,0.08,120,-7,NR,10.0:1,,DOPE,DMG-PEG2k,Clc1cccc(N2CCC(NC(=O)CCCCCN(CCCCCCCCCCCC)CCCCCCCCCCCC)CC2)n1,CCCCCCCCCCCCN(CCCCCCCCCCCC)CCCCCC(=O)NC1CCN(c2cccc(Cl)n2)CC1
Brain_LNPDB_v2_training,Brain_LNPDB_v2,brain,intravenous,Mouse,mRNA,Individual,max,within_assay_zscored_delivery_higher_is_better,1,13,S6,S6,,40,cao2025_systemic_administration,S6,Brain,intravenous,Mouse,,,0.06,fold vs S4 luminescence intensity,higher_is_better,0.06,cao2025_systemic_administration__fold_vs_S4_luminescence_intensity,2,0.14,0.08,125,-9,NR,10.0:1,,DOPE,DMG-PEG2k,Clc1cccc(N2CCC(NC(=O)CCCCCN(CCCCCCOC(=O)OCCCCCC)CCCN(CCCCCCOC(=O)OCCCCCC)CCCCCCOC(=O)OCCCCCC)CC2)n1,CCCCCCOC(=O)OCCCCCCN(CCCCCCOC(=O)OCCCCCC)CCCN(CCCCCCOC(=O)OCCCCCC)CCCCCC(=O)NC1CCN(c2cccc(Cl)n2)CC1
Brain_LNPDB_v2_training,Brain_LNPDB_v2,brain,intravenous,Mouse,mRNA,Individual,max,within_assay_zscored_delivery_higher_is_better,1,14,SM-102,SM-102,,88,han2024_mouse_astrocyte_iv,SM-102,Brain astrocytes,intravenous,Mouse,,,1.4,% mCherry+ GFAP+ astrocytes,higher_is_better,1.4,han2024_mouse_astrocyte_iv__mCherry_GFAP_astrocytes,5,1.34,0.4673328578219169,80,-5.5,NR,0% lipid-PEG-mal; IV 0.3 mg/kg mCherry mRNA,,DSPC,DMG-PEG2000,O=C(OC(CCCCCCCC)CCCCCCCC)CCCCCCCN(CCO)CCCCCC(OCCCCCCCCCCC)=O,CCCCCCCCCCCOC(=O)CCCCCN(CCO)CCCCCCCC(=O)OC(CCCCCCCC)CCCCCCCC
Brain_LNPDB_v2_training,Brain_LNPDB_v2,brain,intravenous,Mouse,mRNA,Individual,max,within_assay_zscored_delivery_higher_is_better,1,15,SM-102 + AP2,SM-102 + AP2,,91,han2024_mouse_astrocyte_iv,SM-102 + AP2,Brain astrocytes,intravenous,Mouse,,,1.6,% mCherry+ GFAP+ astrocytes,higher_is_better,1.6,han2024_mouse_astrocyte_iv__mCherry_GFAP_astrocytes,5,1.34,0.4673328578219169,165,-12,NR,10% lipid-PEG-mal substitution; IV 0.3 mg/kg mCherry mRNA,,DSPC,DMG-PEG2000; DSPE-PEG-AP2,O=C(OC(CCCCCCCC)CCCCCCCC)CCCCCCCN(CCO)CCCCCC(OCCCCCCCCCCC)=O,CCCCCCCCCCCOC(=O)CCCCCN(CCO)CCCCCCCC(=O)OC(CCCCCCCC)CCCCCCCC
Brain_LNPDB_v2_training,Brain_LNPDB_v2,brain,intravenous,Mouse,mRNA,Individual,max,within_assay_zscored_delivery_higher_is_better,1,16,SM-102 + RVG29,SM-102 + RVG29,,89,han2024_mouse_astrocyte_iv,SM-102 + RVG29,Brain astrocytes,intravenous,Mouse,,,1.9,% mCherry+ GFAP+ astrocytes,higher_is_better,1.9,han2024_mouse_astrocyte_iv__mCherry_GFAP_astrocytes,5,1.34,0.4673328578219169,165,-8.5,NR,10% lipid-PEG-mal substitution; IV 0.3 mg/kg mCherry mRNA,,DSPC,DMG-PEG2000; DSPE-PEG-RVG29,O=C(OC(CCCCCCCC)CCCCCCCC)CCCCCCCN(CCO)CCCCCC(OCCCCCCCCCCC)=O,CCCCCCCCCCCOC(=O)CCCCCN(CCO)CCCCCCCC(=O)OC(CCCCCCCC)CCCCCCCC
Brain_LNPDB_v2_training,Brain_LNPDB_v2,brain,intravenous,Mouse,mRNA,Individual,max,within_assay_zscored_delivery_higher_is_better,1,17,SM-102 + T7,SM-102 + T7,,90,han2024_mouse_astrocyte_iv,SM-102 + T7,Brain astrocytes,intravenous,Mouse,,,1.3,% mCherry+ GFAP+ astrocytes,higher_is_better,1.3,han2024_mouse_astrocyte_iv__mCherry_GFAP_astrocytes,5,1.34,0.4673328578219169,90,-8,NR,10% lipid-PEG-mal substitution; IV 0.3 mg/kg mCherry mRNA,,DSPC,DMG-PEG2000; DSPE-PEG-T7,O=C(OC(CCCCCCCC)CCCCCCCC)CCCCCCCN(CCO)CCCCCC(OCCCCCCCCCCC)=O,CCCCCCCCCCCOC(=O)CCCCCN(CCO)CCCCCCCC(=O)OC(CCCCCCCC)CCCCCCCC
Brain_LNPDB_v2_training,Brain_LNPDB_v2,brain,intravenous,Mouse,mRNA,Individual,max,within_assay_zscored_delivery_higher_is_better,1,18,SM-102 + mApoE,SM-102 + mApoE,,92,han2024_mouse_astrocyte_iv,SM-102 + mApoE,Brain astrocytes,intravenous,Mouse,,,0.5,% mCherry+ GFAP+ astrocytes,higher_is_better,0.5,han2024_mouse_astrocyte_iv__mCherry_GFAP_astrocytes,5,1.34,0.4673328578219169,125,-12.5,NR,10% lipid-PEG-mal substitution; IV 0.3 mg/kg mCherry mRNA,,DSPC,DMG-PEG2000; DSPE-PEG-mApoE,O=C(OC(CCCCCCCC)CCCCCCCC)CCCCCCCN(CCO)CCCCCC(OCCCCCCCCCCC)=O,CCCCCCCCCCCOC(=O)CCCCCN(CCO)CCCCCCCC(=O)OC(CCCCCCCC)CCCCCCCC
Brain_LNPDB_v2_training,Brain_LNPDB_v2,brain,intravenous,Mouse,mRNA,Individual,max,within_assay_zscored_delivery_higher_is_better,1,19,SM-102 + AP2,SM-102 + AP2,,76,han2024_mouse_brain_iv,SM-102 + AP2,Brain,intravenous,Mouse,,,70.0,fold brain luciferase radiance vs untargeted,higher_is_better,70.0,han2024_mouse_brain_iv__fold_brain_luciferase_radiance_vs_untargeted,4,45.0,25.98076211353316,165,-12,NR,10% lipid-PEG-mal substitution of total PEG-lipid; IV 0.3 mg/kg mRNA,,DSPC,DMG-PEG2000; DSPE-PEG-AP2,O=C(OC(CCCCCCCC)CCCCCCCC)CCCCCCCN(CCO)CCCCCC(OCCCCCCCCCCC)=O,CCCCCCCCCCCOC(=O)CCCCCN(CCO)CCCCCCCC(=O)OC(CCCCCCCC)CCCCCCCC
Brain_LNPDB_v2_training,Brain_LNPDB_v2,brain,intravenous,Mouse,mRNA,Individual,max,within_assay_zscored_delivery_higher_is_better,1,20,SM-102 + RVG29,SM-102 + RVG29,,74,han2024_mouse_brain_iv,SM-102 + RVG29,Brain,intravenous,Mouse,,,70.0,fold brain luciferase radiance vs untargeted,higher_is_better,70.0,han2024_mouse_brain_iv__fold_brain_luciferase_radiance_vs_untargeted,4,45.0,25.98076211353316,165,-8.5,NR,10% lipid-PEG-mal substitution of total PEG-lipid; IV 0.3 mg/kg mRNA,,DSPC,DMG-PEG2000; DSPE-PEG-RVG29,O=C(OC(CCCCCCCC)CCCCCCCC)CCCCCCCN(CCO)CCCCCC(OCCCCCCCCCCC)=O,CCCCCCCCCCCOC(=O)CCCCCN(CCO)CCCCCCCC(=O)OC(CCCCCCCC)CCCCCCCC
Brain_LNPDB_v2_training,Brain_LNPDB_v2,brain,intravenous,Mouse,mRNA,Individual,max,within_assay_zscored_delivery_higher_is_better,1,21,SM-102 + T7,SM-102 + T7,,75,han2024_mouse_brain_iv,SM-102 + T7,Brain,intravenous,Mouse,,,10.0,fold brain luciferase radiance vs untargeted,higher_is_better,10.0,han2024_mouse_brain_iv__fold_brain_luciferase_radiance_vs_untargeted,4,45.0,25.98076211353316,90,-8,NR,10% lipid-PEG-mal substitution of total PEG-lipid; IV 0.3 mg/kg mRNA,,DSPC,DMG-PEG2000; DSPE-PEG-T7,O=C(OC(CCCCCCCC)CCCCCCCC)CCCCCCCN(CCO)CCCCCC(OCCCCCCCCCCC)=O,CCCCCCCCCCCOC(=O)CCCCCN(CCO)CCCCCCCC(=O)OC(CCCCCCCC)CCCCCCCC
Brain_LNPDB_v2_training,Brain_LNPDB_v2,brain,intravenous,Mouse,mRNA,Individual,max,within_assay_zscored_delivery_higher_is_better,1,22,SM-102 + mApoE,SM-102 + mApoE,,77,han2024_mouse_brain_iv,SM-102 + mApoE,Brain,intravenous,Mouse,,,30.0,fold brain luciferase radiance vs untargeted,higher_is_better,30.0,han2024_mouse_brain_iv__fold_brain_luciferase_radiance_vs_untargeted,4,45.0,25.98076211353316,125,-12.5,NR,10% lipid-PEG-mal substitution of total PEG-lipid; IV 0.3 mg/kg mRNA,,DSPC,DMG-PEG2000; DSPE-PEG-mApoE,O=C(OC(CCCCCCCC)CCCCCCCC)CCCCCCCN(CCO)CCCCCC(OCCCCCCCCCCC)=O,CCCCCCCCCCCOC(=O)CCCCCN(CCO)CCCCCCCC(=O)OC(CCCCCCCC)CCCCCCCC
Brain_LNPDB_v2_training,Brain_LNPDB_v2,brain,intravenous,Mouse,mRNA,Individual,max,within_assay_zscored_delivery_higher_is_better,1,23,SM-102,SM-102,,78,han2024_mouse_brain_to_liver_iv,SM-102,Brain/Liver,intravenous,Mouse,,,0.005,brain-to-liver luminescence ratio,higher_is_better,0.005,han2024_mouse_brain_to_liver_iv__brain_to_liver_luminescence_ratio,5,0.012,0.014014278433083881,80,-5.5,NR,0% lipid-PEG-mal,,DSPC,DMG-PEG2000,O=C(OC(CCCCCCCC)CCCCCCCC)CCCCCCCN(CCO)CCCCCC(OCCCCCCCCCCC)=O,CCCCCCCCCCCOC(=O)CCCCCN(CCO)CCCCCCCC(=O)OC(CCCCCCCC)CCCCCCCC
Brain_LNPDB_v2_training,Brain_LNPDB_v2,brain,intravenous,Mouse,mRNA,Individual,max,within_assay_zscored_delivery_higher_is_better,1,24,SM-102 + AP2,SM-102 + AP2,,81,han2024_mouse_brain_to_liver_iv,SM-102 + AP2,Brain/Liver,intravenous,Mouse,,,0.005,brain-to-liver luminescence ratio,higher_is_better,0.005,han2024_mouse_brain_to_liver_iv__brain_to_liver_luminescence_ratio,5,0.012,0.014014278433083881,165,-12,NR,10% lipid-PEG-mal substitution,,DSPC,DMG-PEG2000; DSPE-PEG-AP2,O=C(OC(CCCCCCCC)CCCCCCCC)CCCCCCCN(CCO)CCCCCC(OCCCCCCCCCCC)=O,CCCCCCCCCCCOC(=O)CCCCCN(CCO)CCCCCCCC(=O)OC(CCCCCCCC)CCCCCCCC
Brain_LNPDB_v2_training,Brain_LNPDB_v2,brain,intravenous,Mouse,mRNA,Individual,max,within_assay_zscored_delivery_higher_is_better,1,25,SM-102 + RVG29,SM-102 + RVG29,,79,han2024_mouse_brain_to_liver_iv,SM-102 + RVG29,Brain/Liver,intravenous,Mouse,,,0.006,brain-to-liver luminescence ratio,higher_is_better,0.006,han2024_mouse_brain_to_liver_iv__brain_to_liver_luminescence_ratio,5,0.012,0.014014278433083881,165,-8.5,NR,10% lipid-PEG-mal substitution,,DSPC,DMG-PEG2000; DSPE-PEG-RVG29,O=C(OC(CCCCCCCC)CCCCCCCC)CCCCCCCN(CCO)CCCCCC(OCCCCCCCCCCC)=O,CCCCCCCCCCCOC(=O)CCCCCN(CCO)CCCCCCCC(=O)OC(CCCCCCCC)CCCCCCCC
Brain_LNPDB_v2_training,Brain_LNPDB_v2,brain,intravenous,Mouse,mRNA,Individual,max,within_assay_zscored_delivery_higher_is_better,1,26,SM-102 + T7,SM-102 + T7,,80,han2024_mouse_brain_to_liver_iv,SM-102 + T7,Brain/Liver,intravenous,Mouse,,,0.004,brain-to-liver luminescence ratio,higher_is_better,0.004,han2024_mouse_brain_to_liver_iv__brain_to_liver_luminescence_ratio,5,0.012,0.014014278433083881,90,-8,NR,10% lipid-PEG-mal substitution,,DSPC,DMG-PEG2000; DSPE-PEG-T7,O=C(OC(CCCCCCCC)CCCCCCCC)CCCCCCCN(CCO)CCCCCC(OCCCCCCCCCCC)=O,CCCCCCCCCCCOC(=O)CCCCCN(CCO)CCCCCCCC(=O)OC(CCCCCCCC)CCCCCCCC
Brain_LNPDB_v2_training,Brain_LNPDB_v2,brain,intravenous,Mouse,mRNA,Individual,max,within_assay_zscored_delivery_higher_is_better,1,27,SM-102 + mApoE,SM-102 + mApoE,,82,han2024_mouse_brain_to_liver_iv,SM-102 + mApoE,Brain/Liver,intravenous,Mouse,,,0.04,brain-to-liver luminescence ratio,higher_is_better,0.04,han2024_mouse_brain_to_liver_iv__brain_to_liver_luminescence_ratio,5,0.012,0.014014278433083881,125,-12.5,NR,10% lipid-PEG-mal substitution,,DSPC,DMG-PEG2000; DSPE-PEG-mApoE,O=C(OC(CCCCCCCC)CCCCCCCC)CCCCCCCN(CCO)CCCCCC(OCCCCCCCCCCC)=O,CCCCCCCCCCCOC(=O)CCCCCN(CCO)CCCCCCCC(=O)OC(CCCCCCCC)CCCCCCCC
Brain_LNPDB_v2_training,Brain_LNPDB_v2,brain,intravenous,Mouse,mRNA,Individual,max,within_assay_zscored_delivery_higher_is_better,1,28,SM-102,SM-102,,93,han2024_mouse_endothelial_iv,SM-102,Brain endothelial cells,intravenous,Mouse,,,1.7,% mCherry+ CD31+ endothelial cells,higher_is_better,1.7,han2024_mouse_endothelial_iv__mCherry_CD31_endothelial_cells,5,1.42,0.3969886648255842,80,-5.5,NR,0% lipid-PEG-mal; IV 0.3 mg/kg mCherry mRNA,,DSPC,DMG-PEG2000,O=C(OC(CCCCCCCC)CCCCCCCC)CCCCCCCN(CCO)CCCCCC(OCCCCCCCCCCC)=O,CCCCCCCCCCCOC(=O)CCCCCN(CCO)CCCCCCCC(=O)OC(CCCCCCCC)CCCCCCCC
Brain_LNPDB_v2_training,Brain_LNPDB_v2,brain,intravenous,Mouse,mRNA,Individual,max,within_assay_zscored_delivery_higher_is_better,1,29,SM-102 + AP2,SM-102 + AP2,,96,han2024_mouse_endothelial_iv,SM-102 + AP2,Brain endothelial cells,intravenous,Mouse,,,1.3,% mCherry+ CD31+ endothelial cells,higher_is_better,1.3,han2024_mouse_endothelial_iv__mCherry_CD31_endothelial_cells,5,1.42,0.3969886648255842,165,-12,NR,10% lipid-PEG-mal substitution; IV 0.3 mg/kg mCherry mRNA,,DSPC,DMG-PEG2000; DSPE-PEG-AP2,O=C(OC(CCCCCCCC)CCCCCCCC)CCCCCCCN(CCO)CCCCCC(OCCCCCCCCCCC)=O,CCCCCCCCCCCOC(=O)CCCCCN(CCO)CCCCCCCC(=O)OC(CCCCCCCC)CCCCCCCC
Brain_LNPDB_v2_training,Brain_LNPDB_v2,brain,intravenous,Mouse,mRNA,Individual,max,within_assay_zscored_delivery_higher_is_better,1,30,SM-102 + RVG29,SM-102 + RVG29,,94,han2024_mouse_endothelial_iv,SM-102 + RVG29,Brain endothelial cells,intravenous,Mouse,,,1.6,% mCherry+ CD31+ endothelial cells,higher_is_better,1.6,han2024_mouse_endothelial_iv__mCherry_CD31_endothelial_cells,5,1.42,0.3969886648255842,165,-8.5,NR,10% lipid-PEG-mal substitution; IV 0.3 mg/kg mCherry mRNA,,DSPC,DMG-PEG2000; DSPE-PEG-RVG29,O=C(OC(CCCCCCCC)CCCCCCCC)CCCCCCCN(CCO)CCCCCC(OCCCCCCCCCCC)=O,CCCCCCCCCCCOC(=O)CCCCCN(CCO)CCCCCCCC(=O)OC(CCCCCCCC)CCCCCCCC
Brain_LNPDB_v2_training,Brain_LNPDB_v2,brain,intravenous,Mouse,mRNA,Individual,max,within_assay_zscored_delivery_higher_is_better,1,31,SM-102 + T7,SM-102 + T7,,95,han2024_mouse_endothelial_iv,SM-102 + T7,Brain endothelial cells,intravenous,Mouse,,,1.8,% mCherry+ CD31+ endothelial cells,higher_is_better,1.8,han2024_mouse_endothelial_iv__mCherry_CD31_endothelial_cells,5,1.42,0.3969886648255842,90,-8,NR,10% lipid-PEG-mal substitution; IV 0.3 mg/kg mCherry mRNA,,DSPC,DMG-PEG2000; DSPE-PEG-T7,O=C(OC(CCCCCCCC)CCCCCCCC)CCCCCCCN(CCO)CCCCCC(OCCCCCCCCCCC)=O,CCCCCCCCCCCOC(=O)CCCCCN(CCO)CCCCCCCC(=O)OC(CCCCCCCC)CCCCCCCC
Brain_LNPDB_v2_training,Brain_LNPDB_v2,brain,intravenous,Mouse,mRNA,Individual,max,within_assay_zscored_delivery_higher_is_better,1,32,SM-102 + mApoE,SM-102 + mApoE,,97,han2024_mouse_endothelial_iv,SM-102 + mApoE,Brain endothelial cells,intravenous,Mouse,,,0.7,% mCherry+ CD31+ endothelial cells,higher_is_better,0.7,han2024_mouse_endothelial_iv__mCherry_CD31_endothelial_cells,5,1.42,0.3969886648255842,125,-12.5,NR,10% lipid-PEG-mal substitution; IV 0.3 mg/kg mCherry mRNA,,DSPC,DMG-PEG2000; DSPE-PEG-mApoE,O=C(OC(CCCCCCCC)CCCCCCCC)CCCCCCCN(CCO)CCCCCC(OCCCCCCCCCCC)=O,CCCCCCCCCCCOC(=O)CCCCCN(CCO)CCCCCCCC(=O)OC(CCCCCCCC)CCCCCCCC
Brain_LNPDB_v2_training,Brain_LNPDB_v2,brain,intravenous,Mouse,mRNA,Individual,max,within_assay_zscored_delivery_higher_is_better,1,33,SM-102,SM-102,,83,han2024_mouse_neuron_iv,SM-102,Brain neurons,intravenous,Mouse,,,1.2,% mCherry+ NeuN+ neurons,higher_is_better,1.2,han2024_mouse_neuron_iv__mCherry_NeuN_neurons,5,1.3,0.7536577472566709,80,-5.5,NR,0% lipid-PEG-mal; IV 0.3 mg/kg mCherry mRNA,,DSPC,DMG-PEG2000,O=C(OC(CCCCCCCC)CCCCCCCC)CCCCCCCN(CCO)CCCCCC(OCCCCCCCCCCC)=O,CCCCCCCCCCCOC(=O)CCCCCN(CCO)CCCCCCCC(=O)OC(CCCCCCCC)CCCCCCCC
Brain_LNPDB_v2_training,Brain_LNPDB_v2,brain,intravenous,Mouse,mRNA,Individual,max,within_assay_zscored_delivery_higher_is_better,1,34,SM-102 + AP2,SM-102 + AP2,,86,han2024_mouse_neuron_iv,SM-102 + AP2,Brain neurons,intravenous,Mouse,,,1.8,% mCherry+ NeuN+ neurons,higher_is_better,1.8,han2024_mouse_neuron_iv__mCherry_NeuN_neurons,5,1.3,0.7536577472566709,165,-12,NR,10% lipid-PEG-mal substitution; IV 0.3 mg/kg mCherry mRNA,,DSPC,DMG-PEG2000; DSPE-PEG-AP2,O=C(OC(CCCCCCCC)CCCCCCCC)CCCCCCCN(CCO)CCCCCC(OCCCCCCCCCCC)=O,CCCCCCCCCCCOC(=O)CCCCCN(CCO)CCCCCCCC(=O)OC(CCCCCCCC)CCCCCCCC
Brain_LNPDB_v2_training,Brain_LNPDB_v2,brain,intravenous,Mouse,mRNA,Individual,max,within_assay_zscored_delivery_higher_is_better,1,35,SM-102 + RVG29,SM-102 + RVG29,,84,han2024_mouse_neuron_iv,SM-102 + RVG29,Brain neurons,intravenous,Mouse,,,2.4,% mCherry+ NeuN+ neurons,higher_is_better,2.4,han2024_mouse_neuron_iv__mCherry_NeuN_neurons,5,1.3,0.7536577472566709,165,-8.5,NR,10% lipid-PEG-mal substitution; IV 0.3 mg/kg mCherry mRNA,,DSPC,DMG-PEG2000; DSPE-PEG-RVG29,O=C(OC(CCCCCCCC)CCCCCCCC)CCCCCCCN(CCO)CCCCCC(OCCCCCCCCCCC)=O,CCCCCCCCCCCOC(=O)CCCCCN(CCO)CCCCCCCC(=O)OC(CCCCCCCC)CCCCCCCC
Brain_LNPDB_v2_training,Brain_LNPDB_v2,brain,intravenous,Mouse,mRNA,Individual,max,within_assay_zscored_delivery_higher_is_better,1,36,SM-102 + T7,SM-102 + T7,,85,han2024_mouse_neuron_iv,SM-102 + T7,Brain neurons,intravenous,Mouse,,,0.9,% mCherry+ NeuN+ neurons,higher_is_better,0.9,han2024_mouse_neuron_iv__mCherry_NeuN_neurons,5,1.3,0.7536577472566709,90,-8,NR,10% lipid-PEG-mal substitution; IV 0.3 mg/kg mCherry mRNA,,DSPC,DMG-PEG2000; DSPE-PEG-T7,O=C(OC(CCCCCCCC)CCCCCCCC)CCCCCCCN(CCO)CCCCCC(OCCCCCCCCCCC)=O,CCCCCCCCCCCOC(=O)CCCCCN(CCO)CCCCCCCC(=O)OC(CCCCCCCC)CCCCCCCC
Brain_LNPDB_v2_training,Brain_LNPDB_v2,brain,intravenous,Mouse,mRNA,Individual,max,within_assay_zscored_delivery_higher_is_better,1,37,SM-102 + mApoE,SM-102 + mApoE,,87,han2024_mouse_neuron_iv,SM-102 + mApoE,Brain neurons,intravenous,Mouse,,,0.2,% mCherry+ NeuN+ neurons,higher_is_better,0.2,han2024_mouse_neuron_iv__mCherry_NeuN_neurons,5,1.3,0.7536577472566709,125,-12.5,NR,10% lipid-PEG-mal substitution; IV 0.3 mg/kg mCherry mRNA,,DSPC,DMG-PEG2000; DSPE-PEG-mApoE,O=C(OC(CCCCCCCC)CCCCCCCC)CCCCCCCN(CCO)CCCCCC(OCCCCCCCCCCC)=O,CCCCCCCCCCCOC(=O)CCCCCN(CCO)CCCCCCCC(=O)OC(CCCCCCCC)CCCCCCCC
Brain_LNPDB_v2_training,Brain_LNPDB_v2,brain,intravenous,Mouse,mRNA,Individual,max,within_assay_zscored_delivery_higher_is_better,1,38,cKK-E12,cKK-E12,,101,kuzminich2024_fig4_brain_MTDK1_iv,cKK-E12,Brain Endothelial cells,intravenous,Mouse,,,8.2,% aVHH+ cells; cell-specific functional mRNA delivery; aVHH mRNA; 0.7 mg/kg; 16 h; Fig. 4j,higher_is_better,8.2,kuzminich2024_fig4_brain_MTDK1_iv__aVHH_cells_cell_specific_functional_mRNA_delivery_aVHH_mRNA_0_7_mg_kg_16_h_Fig_4j,5,1.8,3.2006249389767616,76,NR,NR,NR; composition reported as cKK-E12 + cholesterol + C14PEG2000 + DDAB,,DDAB; cholesterol,C14PEG2000,O=C1NC(CCCCN(CC(CCCCCCCCCC)O)CC(CCCCCCCCCC)O)C(NC1CCCCN(CC(CCCCCCCCCC)O)CC(CCCCCCCCCC)O)=O,CCCCCCCCCCC(O)CN(CCCCC1NC(=O)C(CCCCN(CC(O)CCCCCCCCCC)CC(O)CCCCCCCCCC)NC1=O)CC(O)CCCCCCCCCC
Brain_LNPDB_v2_training,Brain_LNPDB_v2,brain,intravenous,Mouse,mRNA,Individual,max,within_assay_zscored_delivery_higher_is_better,1,39,cKK-E12,cKK-E12,,102,kuzminich2024_fig4_brain_MTDK1_iv,cKK-E12,Brain Microglia,intravenous,Mouse,,,0.1,% aVHH+ cells; cell-specific functional mRNA delivery; aVHH mRNA; 0.7 mg/kg; 16 h; Fig. 4j,higher_is_better,0.1,kuzminich2024_fig4_brain_MTDK1_iv__aVHH_cells_cell_specific_functional_mRNA_delivery_aVHH_mRNA_0_7_mg_kg_16_h_Fig_4j,5,1.8,3.2006249389767616,76,NR,NR,NR; composition reported as cKK-E12 + cholesterol + C14PEG2000 + DDAB,,DDAB; cholesterol,C14PEG2000,O=C1NC(CCCCN(CC(CCCCCCCCCC)O)CC(CCCCCCCCCC)O)C(NC1CCCCN(CC(CCCCCCCCCC)O)CC(CCCCCCCCCC)O)=O,CCCCCCCCCCC(O)CN(CCCCC1NC(=O)C(CCCCN(CC(O)CCCCCCCCCC)CC(O)CCCCCCCCCC)NC1=O)CC(O)CCCCCCCCCC
Brain_LNPDB_v2_training,Brain_LNPDB_v2,brain,intravenous,Mouse,mRNA,Individual,max,within_assay_zscored_delivery_higher_is_better,1,40,cKK-E12,cKK-E12,,103,kuzminich2024_fig4_brain_MTDK1_iv,cKK-E12,Brain Macrophages,intravenous,Mouse,,,0.2,% aVHH+ cells; cell-specific functional mRNA delivery; aVHH mRNA; 0.7 mg/kg; 16 h; Fig. 4j,higher_is_better,0.2,kuzminich2024_fig4_brain_MTDK1_iv__aVHH_cells_cell_specific_functional_mRNA_delivery_aVHH_mRNA_0_7_mg_kg_16_h_Fig_4j,5,1.8,3.2006249389767616,76,NR,NR,NR; composition reported as cKK-E12 + cholesterol + C14PEG2000 + DDAB,,DDAB; cholesterol,C14PEG2000,O=C1NC(CCCCN(CC(CCCCCCCCCC)O)CC(CCCCCCCCCC)O)C(NC1CCCCN(CC(CCCCCCCCCC)O)CC(CCCCCCCCCC)O)=O,CCCCCCCCCCC(O)CN(CCCCC1NC(=O)C(CCCCN(CC(O)CCCCCCCCCC)CC(O)CCCCCCCCCC)NC1=O)CC(O)CCCCCCCCCC
Brain_LNPDB_v2_training,Brain_LNPDB_v2,brain,intravenous,Mouse,mRNA,Individual,max,within_assay_zscored_delivery_higher_is_better,1,41,cKK-E12,cKK-E12,,104,kuzminich2024_fig4_brain_MTDK1_iv,cKK-E12,Brain Oligodendrocytes,intravenous,Mouse,,,0.2,% aVHH+ cells; cell-specific functional mRNA delivery; aVHH mRNA; 0.7 mg/kg; 16 h; Fig. 4j,higher_is_better,0.2,kuzminich2024_fig4_brain_MTDK1_iv__aVHH_cells_cell_specific_functional_mRNA_delivery_aVHH_mRNA_0_7_mg_kg_16_h_Fig_4j,5,1.8,3.2006249389767616,76,NR,NR,NR; composition reported as cKK-E12 + cholesterol + C14PEG2000 + DDAB,,DDAB; cholesterol,C14PEG2000,O=C1NC(CCCCN(CC(CCCCCCCCCC)O)CC(CCCCCCCCCC)O)C(NC1CCCCN(CC(CCCCCCCCCC)O)CC(CCCCCCCCCC)O)=O,CCCCCCCCCCC(O)CN(CCCCC1NC(=O)C(CCCCN(CC(O)CCCCCCCCCC)CC(O)CCCCCCCCCC)NC1=O)CC(O)CCCCCCCCCC
Brain_LNPDB_v2_training,Brain_LNPDB_v2,brain,intravenous,Mouse,mRNA,Individual,max,within_assay_zscored_delivery_higher_is_better,1,42,cKK-E12,cKK-E12,,105,kuzminich2024_fig4_brain_MTDK1_iv,cKK-E12,Brain Astrocytes,intravenous,Mouse,,,0.3,% aVHH+ cells; cell-specific functional mRNA delivery; aVHH mRNA; 0.7 mg/kg; 16 h; Fig. 4j,higher_is_better,0.3,kuzminich2024_fig4_brain_MTDK1_iv__aVHH_cells_cell_specific_functional_mRNA_delivery_aVHH_mRNA_0_7_mg_kg_16_h_Fig_4j,5,1.8,3.2006249389767616,76,NR,NR,NR; composition reported as cKK-E12 + cholesterol + C14PEG2000 + DDAB,,DDAB; cholesterol,C14PEG2000,O=C1NC(CCCCN(CC(CCCCCCCCCC)O)CC(CCCCCCCCCC)O)C(NC1CCCCN(CC(CCCCCCCCCC)O)CC(CCCCCCCCCC)O)=O,CCCCCCCCCCC(O)CN(CCCCC1NC(=O)C(CCCCN(CC(O)CCCCCCCCCC)CC(O)CCCCCCCCCC)NC1=O)CC(O)CCCCCCCCCC
Brain_LNPDB_v2_training,Brain_LNPDB_v2,brain,intravenous,Mouse,mRNA,Individual,max,within_assay_zscored_delivery_higher_is_better,1,43,SM-102,SM-102,,111,kuzminich2024_fig5_brain_cat_vs_moderna_iv,SM-102,Brain Endothelial cells,intravenous,Mouse,,,2.5,% aVHH+ cells; cell-specific functional mRNA delivery; aVHH mRNA; 0.7 mg/kg; 20 h; Fig. 5d,higher_is_better,2.5,kuzminich2024_fig5_brain_cat_vs_moderna_iv__aVHH_cells_cell_specific_functional_mRNA_delivery_aVHH_mRNA_0_7_mg_kg_20_h_Fig_5d,10,4.17,9.40053721869128,83,NR,NR,NR; composition reported as SM-102 + cholesterol + DMG-PEG + DSPC,,DSPC; cholesterol,DMG-PEG,O=C(OC(CCCCCCCC)CCCCCCCC)CCCCCCCN(CCO)CCCCCC(OCCCCCCCCCCC)=O,CCCCCCCCCCCOC(=O)CCCCCN(CCO)CCCCCCCC(=O)OC(CCCCCCCC)CCCCCCCC
Brain_LNPDB_v2_training,Brain_LNPDB_v2,brain,intravenous,Mouse,mRNA,Individual,max,within_assay_zscored_delivery_higher_is_better,1,44,SM-102,SM-102,,112,kuzminich2024_fig5_brain_cat_vs_moderna_iv,SM-102,Brain Microglia,intravenous,Mouse,,,0.1,% aVHH+ cells; cell-specific functional mRNA delivery; aVHH mRNA; 0.7 mg/kg; 20 h; Fig. 5d,higher_is_better,0.1,kuzminich2024_fig5_brain_cat_vs_moderna_iv__aVHH_cells_cell_specific_functional_mRNA_delivery_aVHH_mRNA_0_7_mg_kg_20_h_Fig_5d,10,4.17,9.40053721869128,83,NR,NR,NR; composition reported as SM-102 + cholesterol + DMG-PEG + DSPC,,DSPC; cholesterol,DMG-PEG,O=C(OC(CCCCCCCC)CCCCCCCC)CCCCCCCN(CCO)CCCCCC(OCCCCCCCCCCC)=O,CCCCCCCCCCCOC(=O)CCCCCN(CCO)CCCCCCCC(=O)OC(CCCCCCCC)CCCCCCCC
Brain_LNPDB_v2_training,Brain_LNPDB_v2,brain,intravenous,Mouse,mRNA,Individual,max,within_assay_zscored_delivery_higher_is_better,1,45,SM-102,SM-102,,113,kuzminich2024_fig5_brain_cat_vs_moderna_iv,SM-102,Brain Macrophages,intravenous,Mouse,,,5.0,% aVHH+ cells; cell-specific functional mRNA delivery; aVHH mRNA; 0.7 mg/kg; 20 h; Fig. 5d,higher_is_better,5.0,kuzminich2024_fig5_brain_cat_vs_moderna_iv__aVHH_cells_cell_specific_functional_mRNA_delivery_aVHH_mRNA_0_7_mg_kg_20_h_Fig_5d,10,4.17,9.40053721869128,83,NR,NR,NR; composition reported as SM-102 + cholesterol + DMG-PEG + DSPC,,DSPC; cholesterol,DMG-PEG,O=C(OC(CCCCCCCC)CCCCCCCC)CCCCCCCN(CCO)CCCCCC(OCCCCCCCCCCC)=O,CCCCCCCCCCCOC(=O)CCCCCN(CCO)CCCCCCCC(=O)OC(CCCCCCCC)CCCCCCCC
Brain_LNPDB_v2_training,Brain_LNPDB_v2,brain,intravenous,Mouse,mRNA,Individual,max,within_assay_zscored_delivery_higher_is_better,1,46,SM-102,SM-102,,114,kuzminich2024_fig5_brain_cat_vs_moderna_iv,SM-102,Brain Oligodendrocytes,intravenous,Mouse,,,0.1,% aVHH+ cells; cell-specific functional mRNA delivery; aVHH mRNA; 0.7 mg/kg; 20 h; Fig. 5d,higher_is_better,0.1,kuzminich2024_fig5_brain_cat_vs_moderna_iv__aVHH_cells_cell_specific_functional_mRNA_delivery_aVHH_mRNA_0_7_mg_kg_20_h_Fig_5d,10,4.17,9.40053721869128,83,NR,NR,NR; composition reported as SM-102 + cholesterol + DMG-PEG + DSPC,,DSPC; cholesterol,DMG-PEG,O=C(OC(CCCCCCCC)CCCCCCCC)CCCCCCCN(CCO)CCCCCC(OCCCCCCCCCCC)=O,CCCCCCCCCCCOC(=O)CCCCCN(CCO)CCCCCCCC(=O)OC(CCCCCCCC)CCCCCCCC
Brain_LNPDB_v2_training,Brain_LNPDB_v2,brain,intravenous,Mouse,mRNA,Individual,max,within_assay_zscored_delivery_higher_is_better,1,47,SM-102,SM-102,,115,kuzminich2024_fig5_brain_cat_vs_moderna_iv,SM-102,Brain Astrocytes,intravenous,Mouse,,,0.1,% aVHH+ cells; cell-specific functional mRNA delivery; aVHH mRNA; 0.7 mg/kg; 20 h; Fig. 5d,higher_is_better,0.1,kuzminich2024_fig5_brain_cat_vs_moderna_iv__aVHH_cells_cell_specific_functional_mRNA_delivery_aVHH_mRNA_0_7_mg_kg_20_h_Fig_5d,10,4.17,9.40053721869128,83,NR,NR,NR; composition reported as SM-102 + cholesterol + DMG-PEG + DSPC,,DSPC; cholesterol,DMG-PEG,O=C(OC(CCCCCCCC)CCCCCCCC)CCCCCCCN(CCO)CCCCCC(OCCCCCCCCCCC)=O,CCCCCCCCCCCOC(=O)CCCCCN(CCO)CCCCCCCC(=O)OC(CCCCCCCC)CCCCCCCC
Brain_LNPDB_v2_training,Brain_LNPDB_v2,brain,intravenous,Mouse,mRNA,Individual,max,within_assay_zscored_delivery_higher_is_better,1,48,cKK-E12,cKK-E12,,106,kuzminich2024_fig5_brain_cat_vs_moderna_iv,cKK-E12,Brain Endothelial cells,intravenous,Mouse,,,32.0,% aVHH+ cells; cell-specific functional mRNA delivery; aVHH mRNA; 0.7 mg/kg; 20 h; Fig. 5d,higher_is_better,32.0,kuzminich2024_fig5_brain_cat_vs_moderna_iv__aVHH_cells_cell_specific_functional_mRNA_delivery_aVHH_mRNA_0_7_mg_kg_20_h_Fig_5d,10,4.17,9.40053721869128,76,NR,NR,NR; composition reported as cKK-E12 + cholesterol + C14PEG2000 + DDAB,,DDAB; cholesterol,C14PEG2000,O=C1NC(CCCCN(CC(CCCCCCCCCC)O)CC(CCCCCCCCCC)O)C(NC1CCCCN(CC(CCCCCCCCCC)O)CC(CCCCCCCCCC)O)=O,CCCCCCCCCCC(O)CN(CCCCC1NC(=O)C(CCCCN(CC(O)CCCCCCCCCC)CC(O)CCCCCCCCCC)NC1=O)CC(O)CCCCCCCCCC
Brain_LNPDB_v2_training,Brain_LNPDB_v2,brain,intravenous,Mouse,mRNA,Individual,max,within_assay_zscored_delivery_higher_is_better,1,49,cKK-E12,cKK-E12,,107,kuzminich2024_fig5_brain_cat_vs_moderna_iv,cKK-E12,Brain Microglia,intravenous,Mouse,,,0.1,% aVHH+ cells; cell-specific functional mRNA delivery; aVHH mRNA; 0.7 mg/kg; 20 h; Fig. 5d,higher_is_better,0.1,kuzminich2024_fig5_brain_cat_vs_moderna_iv__aVHH_cells_cell_specific_functional_mRNA_delivery_aVHH_mRNA_0_7_mg_kg_20_h_Fig_5d,10,4.17,9.40053721869128,76,NR,NR,NR; composition reported as cKK-E12 + cholesterol + C14PEG2000 + DDAB,,DDAB; cholesterol,C14PEG2000,O=C1NC(CCCCN(CC(CCCCCCCCCC)O)CC(CCCCCCCCCC)O)C(NC1CCCCN(CC(CCCCCCCCCC)O)CC(CCCCCCCCCC)O)=O,CCCCCCCCCCC(O)CN(CCCCC1NC(=O)C(CCCCN(CC(O)CCCCCCCCCC)CC(O)CCCCCCCCCC)NC1=O)CC(O)CCCCCCCCCC
Brain_LNPDB_v2_training,Brain_LNPDB_v2,brain,intravenous,Mouse,mRNA,Individual,max,within_assay_zscored_delivery_higher_is_better,1,50,cKK-E12,cKK-E12,,108,kuzminich2024_fig5_brain_cat_vs_moderna_iv,cKK-E12,Brain Macrophages,intravenous,Mouse,,,1.5,% aVHH+ cells; cell-specific functional mRNA delivery; aVHH mRNA; 0.7 mg/kg; 20 h; Fig. 5d,higher_is_better,1.5,kuzminich2024_fig5_brain_cat_vs_moderna_iv__aVHH_cells_cell_specific_functional_mRNA_delivery_aVHH_mRNA_0_7_mg_kg_20_h_Fig_5d,10,4.17,9.40053721869128,76,NR,NR,NR; composition reported as cKK-E12 + cholesterol + C14PEG2000 + DDAB,,DDAB; cholesterol,C14PEG2000,O=C1NC(CCCCN(CC(CCCCCCCCCC)O)CC(CCCCCCCCCC)O)C(NC1CCCCN(CC(CCCCCCCCCC)O)CC(CCCCCCCCCC)O)=O,CCCCCCCCCCC(O)CN(CCCCC1NC(=O)C(CCCCN(CC(O)CCCCCCCCCC)CC(O)CCCCCCCCCC)NC1=O)CC(O)CCCCCCCCCC
Brain_LNPDB_v2_training,Brain_LNPDB_v2,brain,intravenous,Mouse,mRNA,Individual,max,within_assay_zscored_delivery_higher_is_better,1,51,cKK-E12,cKK-E12,,109,kuzminich2024_fig5_brain_cat_vs_moderna_iv,cKK-E12,Brain Oligodendrocytes,intravenous,Mouse,,,0.2,% aVHH+ cells; cell-specific functional mRNA delivery; aVHH mRNA; 0.7 mg/kg; 20 h; Fig. 5d,higher_is_better,0.2,kuzminich2024_fig5_brain_cat_vs_moderna_iv__aVHH_cells_cell_specific_functional_mRNA_delivery_aVHH_mRNA_0_7_mg_kg_20_h_Fig_5d,10,4.17,9.40053721869128,76,NR,NR,NR; composition reported as cKK-E12 + cholesterol + C14PEG2000 + DDAB,,DDAB; cholesterol,C14PEG2000,O=C1NC(CCCCN(CC(CCCCCCCCCC)O)CC(CCCCCCCCCC)O)C(NC1CCCCN(CC(CCCCCCCCCC)O)CC(CCCCCCCCCC)O)=O,CCCCCCCCCCC(O)CN(CCCCC1NC(=O)C(CCCCN(CC(O)CCCCCCCCCC)CC(O)CCCCCCCCCC)NC1=O)CC(O)CCCCCCCCCC
Brain_LNPDB_v2_training,Brain_LNPDB_v2,brain,intravenous,Mouse,mRNA,Individual,max,within_assay_zscored_delivery_higher_is_better,1,52,cKK-E12,cKK-E12,,110,kuzminich2024_fig5_brain_cat_vs_moderna_iv,cKK-E12,Brain Astrocytes,intravenous,Mouse,,,0.1,% aVHH+ cells; cell-specific functional mRNA delivery; aVHH mRNA; 0.7 mg/kg; 20 h; Fig. 5d,higher_is_better,0.1,kuzminich2024_fig5_brain_cat_vs_moderna_iv__aVHH_cells_cell_specific_functional_mRNA_delivery_aVHH_mRNA_0_7_mg_kg_20_h_Fig_5d,10,4.17,9.40053721869128,76,NR,NR,NR; composition reported as cKK-E12 + cholesterol + C14PEG2000 + DDAB,,DDAB; cholesterol,C14PEG2000,O=C1NC(CCCCN(CC(CCCCCCCCCC)O)CC(CCCCCCCCCC)O)C(NC1CCCCN(CC(CCCCCCCCCC)O)CC(CCCCCCCCCC)O)=O,CCCCCCCCCCC(O)CN(CCCCC1NC(=O)C(CCCCN(CC(O)CCCCCCCCCC)CC(O)CCCCCCCCCC)NC1=O)CC(O)CCCCCCCCCC
Brain_LNPDB_v2_training,Brain_LNPDB_v2,brain,intravenous,Mouse,Dye,Individual,max,within_assay_zscored_delivery_higher_is_better,1,53,NT1-O12B,NT1-O12B,,66,ma2020_NT_lipidoids,NT1-O12B,Brain,intravenous,Mouse,,,5.5,relative brain fluorescence intensity at 1 h after IV DiR-LNP,higher_is_better,5.5,ma2020_NT_lipidoids__relative_brain_fluorescence_intensity_at_1_h_after_IV_DiR_LNP,4,3.875,1.1344051304538427,175,42,NR,NR,10:1 w/w NT1-O12B:DiR dye formulation,NR,NR,O=C(OCCSSCCCCCCCCCCCC)CCN(CCC(=O)OCCSSCCCCCCCCCCCC)CCC1=CNC=2C=CC=CC21,CCCCCCCCCCCCSSCCOC(=O)CCN(CCC(=O)OCCSSCCCCCCCCCCCC)CCc1c[nH]c2ccccc12
Brain_LNPDB_v2_training,Brain_LNPDB_v2,brain,intravenous,Mouse,Dye,Individual,max,within_assay_zscored_delivery_higher_is_better,1,54,NT1-O14B,NT1-O14B,,67,ma2020_NT_lipidoids,NT1-O14B,Brain,intravenous,Mouse,,,4.2,relative brain fluorescence intensity at 1 h after IV DiR-LNP,higher_is_better,4.2,ma2020_NT_lipidoids__relative_brain_fluorescence_intensity_at_1_h_after_IV_DiR_LNP,4,3.875,1.1344051304538427,180,40,NR,NR,10:1 w/w NT1-O14B:DiR dye formulation,NR,NR,O=C(OCCSSCCCCCCCCCCCCCC)CCN(CCC1=CNC2=C1C=CC=C2)CCC(OCCSSCCCCCCCCCCCCCC)=O,CCCCCCCCCCCCCCSSCCOC(=O)CCN(CCC(=O)OCCSSCCCCCCCCCCCCCC)CCc1c[nH]c2ccccc12
Brain_LNPDB_v2_training,Brain_LNPDB_v2,brain,intravenous,Mouse,Dye,Individual,max,within_assay_zscored_delivery_higher_is_better,1,55,NT1-O16B,NT1-O16B,,68,ma2020_NT_lipidoids,NT1-O16B,Brain,intravenous,Mouse,,,3.4,relative brain fluorescence intensity at 1 h after IV DiR-LNP,higher_is_better,3.4,ma2020_NT_lipidoids__relative_brain_fluorescence_intensity_at_1_h_after_IV_DiR_LNP,4,3.875,1.1344051304538427,165,42,NR,NR,10:1 w/w NT1-O16B:DiR dye formulation,NR,NR,O=C(OCCSSCCCCCCCCCCCCCCCC)CCN(CCC(=O)OCCSSCCCCCCCCCCCCCCCC)CCC1=CNC2=C1C=CC=C2,CCCCCCCCCCCCCCCCSSCCOC(=O)CCN(CCC(=O)OCCSSCCCCCCCCCCCCCCCC)CCc1c[nH]c2ccccc12
Brain_LNPDB_v2_training,Brain_LNPDB_v2,brain,intravenous,Mouse,Dye,Individual,max,within_assay_zscored_delivery_higher_is_better,1,56,NT1-O18B,NT1-O18B,,69,ma2020_NT_lipidoids,NT1-O18B,Brain,intravenous,Mouse,,,2.4,relative brain fluorescence intensity at 1 h after IV DiR-LNP,higher_is_better,2.4,ma2020_NT_lipidoids__relative_brain_fluorescence_intensity_at_1_h_after_IV_DiR_LNP,4,3.875,1.1344051304538427,190,44,NR,NR,10:1 w/w NT1-O18B:DiR dye formulation,NR,NR,O=C(OCCSSCCCCCCCCCCCCCCCCCC)CCN(CCC(=O)OCCSSCCCCCCCCCCCCCCCCCC)CCc1c[nH]c2ccccc12,CCCCCCCCCCCCCCCCCCSSCCOC(=O)CCN(CCC(=O)OCCSSCCCCCCCCCCCCCCCCCC)CCc1c[nH]c2ccccc12
Brain_LNPDB_v2_training,Brain_LNPDB_v2,brain,intravenous,Mouse,mRNA,Individual,max,within_assay_zscored_delivery_higher_is_better,1,57,SM-102,SM-102,,117,sela2025_bt_lnp_iv_fig3c,SM-102,Brain,intravenous,Mouse,,,1.0,"approx fold RLU/total protein vs untargeted in same organ; FLuc mRNA IV 0.729 mg/kg, 6 h; graph-estimated from Fig. 3C",higher_is_better,1.0,sela2025_bt_lnp_iv_fig3c__approx_fold_RLU_total_protein_vs_untargeted_in_same_organ_FLuc_mRNA_IV_0_729_mg_kg_6_h_graph_estimated_from_Fig_3C,9,2.033333333333333,0.9672412085697939,109.8,-6.7,NR,50.25:10.05:38.19:1.01:0.5 (SM-102:DOPE:Chol:DMG-PEG1000:DMG-PEG2000-moiety mol%),,DOPE,DMG-PEG1000; DMG-PEG2000,O=C(OC(CCCCCCCC)CCCCCCCC)CCCCCCCN(CCO)CCCCCC(OCCCCCCCCCCC)=O,CCCCCCCCCCCOC(=O)CCCCCN(CCO)CCCCCCCC(=O)OC(CCCCCCCC)CCCCCCCC
Brain_LNPDB_v2_training,Brain_LNPDB_v2,brain,intravenous,Mouse,mRNA,Individual,max,within_assay_zscored_delivery_higher_is_better,1,58,SM-102 + Acetylcholine-LNP,SM-102 + Acetylcholine-LNP,,121,sela2025_bt_lnp_iv_fig3c,SM-102 + Acetylcholine-LNP,Brain,intravenous,Mouse,,,3.6,"approx fold RLU/total protein vs untargeted in same organ; FLuc mRNA IV 0.729 mg/kg, 6 h; graph-estimated from Fig. 3C",higher_is_better,3.6,sela2025_bt_lnp_iv_fig3c__approx_fold_RLU_total_protein_vs_untargeted_in_same_organ_FLuc_mRNA_IV_0_729_mg_kg_6_h_graph_estimated_from_Fig_3C,9,2.033333333333333,0.9672412085697939,149.1,-13.4,NR,50.25:10.05:38.19:1.01:0.5 (SM-102:DOPE:Chol:DMG-PEG1000:DMG-PEG2000-moiety mol%),,DOPE,DMG-PEG1000; DMG-PEG2000-acetylcholine,O=C(OC(CCCCCCCC)CCCCCCCC)CCCCCCCN(CCO)CCCCCC(OCCCCCCCCCCC)=O,CCCCCCCCCCCOC(=O)CCCCCN(CCO)CCCCCCCC(=O)OC(CCCCCCCC)CCCCCCCC
Brain_LNPDB_v2_training,Brain_LNPDB_v2,brain,intravenous,Mouse,mRNA,Individual,max,within_assay_zscored_delivery_higher_is_better,1,59,SM-102 + Cocaine-LNP,SM-102 + Cocaine-LNP,,122,sela2025_bt_lnp_iv_fig3c,SM-102 + Cocaine-LNP,Brain,intravenous,Mouse,,,2.8,"approx fold RLU/total protein vs untargeted in same organ; FLuc mRNA IV 0.729 mg/kg, 6 h; graph-estimated from Fig. 3C",higher_is_better,2.8,sela2025_bt_lnp_iv_fig3c__approx_fold_RLU_total_protein_vs_untargeted_in_same_organ_FLuc_mRNA_IV_0_729_mg_kg_6_h_graph_estimated_from_Fig_3C,9,2.033333333333333,0.9672412085697939,148.6,-12.2,NR,50.25:10.05:38.19:1.01:0.5 (SM-102:DOPE:Chol:DMG-PEG1000:DMG-PEG2000-moiety mol%),,DOPE,DMG-PEG1000; DMG-PEG2000-cocaine,O=C(OC(CCCCCCCC)CCCCCCCC)CCCCCCCN(CCO)CCCCCC(OCCCCCCCCCCC)=O,CCCCCCCCCCCOC(=O)CCCCCN(CCO)CCCCCCCC(=O)OC(CCCCCCCC)CCCCCCCC
Brain_LNPDB_v2_training,Brain_LNPDB_v2,brain,intravenous,Mouse,mRNA,Individual,max,within_assay_zscored_delivery_higher_is_better,1,60,SM-102 + Glucose-LNP,SM-102 + Glucose-LNP,,118,sela2025_bt_lnp_iv_fig3c,SM-102 + Glucose-LNP,Brain,intravenous,Mouse,,,2.0,"approx fold RLU/total protein vs untargeted in same organ; FLuc mRNA IV 0.729 mg/kg, 6 h; graph-estimated from Fig. 3C",higher_is_better,2.0,sela2025_bt_lnp_iv_fig3c__approx_fold_RLU_total_protein_vs_untargeted_in_same_organ_FLuc_mRNA_IV_0_729_mg_kg_6_h_graph_estimated_from_Fig_3C,9,2.033333333333333,0.9672412085697939,155.1,-9.6,NR,50.25:10.05:38.19:1.01:0.5 (SM-102:DOPE:Chol:DMG-PEG1000:DMG-PEG2000-moiety mol%),,DOPE,DMG-PEG1000; DMG-PEG2000-glucose,O=C(OC(CCCCCCCC)CCCCCCCC)CCCCCCCN(CCO)CCCCCC(OCCCCCCCCCCC)=O,CCCCCCCCCCCOC(=O)CCCCCN(CCO)CCCCCCCC(=O)OC(CCCCCCCC)CCCCCCCC
Brain_LNPDB_v2_training,Brain_LNPDB_v2,brain,intravenous,Mouse,mRNA,Individual,max,within_assay_zscored_delivery_higher_is_better,1,61,SM-102 + Memantine-LNP,SM-102 + Memantine-LNP,,120,sela2025_bt_lnp_iv_fig3c,SM-102 + Memantine-LNP,Brain,intravenous,Mouse,,,0.8,"approx fold RLU/total protein vs untargeted in same organ; FLuc mRNA IV 0.729 mg/kg, 6 h; graph-estimated from Fig. 3C",higher_is_better,0.8,sela2025_bt_lnp_iv_fig3c__approx_fold_RLU_total_protein_vs_untargeted_in_same_organ_FLuc_mRNA_IV_0_729_mg_kg_6_h_graph_estimated_from_Fig_3C,9,2.033333333333333,0.9672412085697939,153.9,-11.8,NR,50.25:10.05:38.19:1.01:0.5 (SM-102:DOPE:Chol:DMG-PEG1000:DMG-PEG2000-moiety mol%),,DOPE,DMG-PEG1000; DMG-PEG2000-memantine,O=C(OC(CCCCCCCC)CCCCCCCC)CCCCCCCN(CCO)CCCCCC(OCCCCCCCCCCC)=O,CCCCCCCCCCCOC(=O)CCCCCN(CCO)CCCCCCCC(=O)OC(CCCCCCCC)CCCCCCCC
Brain_LNPDB_v2_training,Brain_LNPDB_v2,brain,intravenous,Mouse,mRNA,Individual,max,within_assay_zscored_delivery_higher_is_better,1,62,SM-102 + Methylphenidate-LNP,SM-102 + Methylphenidate-LNP,,119,sela2025_bt_lnp_iv_fig3c,SM-102 + Methylphenidate-LNP,Brain,intravenous,Mouse,,,2.2,"approx fold RLU/total protein vs untargeted in same organ; FLuc mRNA IV 0.729 mg/kg, 6 h; graph-estimated from Fig. 3C",higher_is_better,2.2,sela2025_bt_lnp_iv_fig3c__approx_fold_RLU_total_protein_vs_untargeted_in_same_organ_FLuc_mRNA_IV_0_729_mg_kg_6_h_graph_estimated_from_Fig_3C,9,2.033333333333333,0.9672412085697939,141.9,-8.6,NR,50.25:10.05:38.19:1.01:0.5 (SM-102:DOPE:Chol:DMG-PEG1000:DMG-PEG2000-moiety mol%),,DOPE,DMG-PEG1000; DMG-PEG2000-methylphenidate,O=C(OC(CCCCCCCC)CCCCCCCC)CCCCCCCN(CCO)CCCCCC(OCCCCCCCCCCC)=O,CCCCCCCCCCCOC(=O)CCCCCN(CCO)CCCCCCCC(=O)OC(CCCCCCCC)CCCCCCCC
Brain_LNPDB_v2_training,Brain_LNPDB_v2,brain,intravenous,Mouse,mRNA,Individual,max,within_assay_zscored_delivery_higher_is_better,1,63,SM-102 + Nicotine-LNP,SM-102 + Nicotine-LNP,,124,sela2025_bt_lnp_iv_fig3c,SM-102 + Nicotine-LNP,Brain,intravenous,Mouse,,,3.3,"approx fold RLU/total protein vs untargeted in same organ; FLuc mRNA IV 0.729 mg/kg, 6 h; graph-estimated from Fig. 3C",higher_is_better,3.3,sela2025_bt_lnp_iv_fig3c__approx_fold_RLU_total_protein_vs_untargeted_in_same_organ_FLuc_mRNA_IV_0_729_mg_kg_6_h_graph_estimated_from_Fig_3C,9,2.033333333333333,0.9672412085697939,161,-10.7,NR,50.25:10.05:38.19:1.01:0.5 (SM-102:DOPE:Chol:DMG-PEG1000:DMG-PEG2000-moiety mol%),,DOPE,DMG-PEG1000; DMG-PEG2000-nicotine,O=C(OC(CCCCCCCC)CCCCCCCC)CCCCCCCN(CCO)CCCCCC(OCCCCCCCCCCC)=O,CCCCCCCCCCCOC(=O)CCCCCN(CCO)CCCCCCCC(=O)OC(CCCCCCCC)CCCCCCCC
Brain_LNPDB_v2_training,Brain_LNPDB_v2,brain,intravenous,Mouse,mRNA,Individual,max,within_assay_zscored_delivery_higher_is_better,1,64,SM-102 + Norepinephrine-LNP,SM-102 + Norepinephrine-LNP,,125,sela2025_bt_lnp_iv_fig3c,SM-102 + Norepinephrine-LNP,Brain,intravenous,Mouse,,,1.5,"approx fold RLU/total protein vs untargeted in same organ; FLuc mRNA IV 0.729 mg/kg, 6 h; graph-estimated from Fig. 3C",higher_is_better,1.5,sela2025_bt_lnp_iv_fig3c__approx_fold_RLU_total_protein_vs_untargeted_in_same_organ_FLuc_mRNA_IV_0_729_mg_kg_6_h_graph_estimated_from_Fig_3C,9,2.033333333333333,0.9672412085697939,155.5,-13.6,NR,50.25:10.05:38.19:1.01:0.5 (SM-102:DOPE:Chol:DMG-PEG1000:DMG-PEG2000-moiety mol%),,DOPE,DMG-PEG1000; DMG-PEG2000-norepinephrine,O=C(OC(CCCCCCCC)CCCCCCCC)CCCCCCCN(CCO)CCCCCC(OCCCCCCCCCCC)=O,CCCCCCCCCCCOC(=O)CCCCCN(CCO)CCCCCCCC(=O)OC(CCCCCCCC)CCCCCCCC
Brain_LNPDB_v2_training,Brain_LNPDB_v2,brain,intravenous,Mouse,mRNA,Individual,max,within_assay_zscored_delivery_higher_is_better,1,65,SM-102 + Tryptophan-LNP,SM-102 + Tryptophan-LNP,,123,sela2025_bt_lnp_iv_fig3c,SM-102 + Tryptophan-LNP,Brain,intravenous,Mouse,,,1.1,"approx fold RLU/total protein vs untargeted in same organ; FLuc mRNA IV 0.729 mg/kg, 6 h; graph-estimated from Fig. 3C",higher_is_better,1.1,sela2025_bt_lnp_iv_fig3c__approx_fold_RLU_total_protein_vs_untargeted_in_same_organ_FLuc_mRNA_IV_0_729_mg_kg_6_h_graph_estimated_from_Fig_3C,9,2.033333333333333,0.9672412085697939,147.7,-12.6,NR,50.25:10.05:38.19:1.01:0.5 (SM-102:DOPE:Chol:DMG-PEG1000:DMG-PEG2000-moiety mol%),,DOPE,DMG-PEG1000; DMG-PEG2000-tryptophan,O=C(OC(CCCCCCCC)CCCCCCCC)CCCCCCCN(CCO)CCCCCC(OCCCCCCCCCCC)=O,CCCCCCCCCCCOC(=O)CCCCCN(CCO)CCCCCCCC(=O)OC(CCCCCCCC)CCCCCCCC
Brain_LNPDB_v2_training,Brain_LNPDB_v2,brain,intravenous,Mouse,mRNA,Individual,max,within_assay_zscored_delivery_higher_is_better,1,66,SM-102,SM-102,,133,sela2025_bt_lnp_iv_fig4b,SM-102,Brain neurons,intravenous,Mouse,,,7.7,"percent contribution to total brain tdTomato MFI; Cre mRNA IV in Ai9 mice, 48 h; Fig. 4B",higher_is_better,7.7,sela2025_bt_lnp_iv_fig4b__percent_contribution_to_total_brain_tdTomato_MFI_Cre_mRNA_IV_in_Ai9_mice_48_h_Fig_4B,10,29.98,19.345480092259276,109.8,-6.7,NR,50.25:10.05:38.19:1.01:0.5 (SM-102:DOPE:Chol:DMG-PEG1000:DMG-PEG2000-moiety mol%),,DOPE,DMG-PEG1000; DMG-PEG2000,O=C(OC(CCCCCCCC)CCCCCCCC)CCCCCCCN(CCO)CCCCCC(OCCCCCCCCCCC)=O,CCCCCCCCCCCOC(=O)CCCCCN(CCO)CCCCCCCC(=O)OC(CCCCCCCC)CCCCCCCC
Brain_LNPDB_v2_training,Brain_LNPDB_v2,brain,intravenous,Mouse,mRNA,Individual,max,within_assay_zscored_delivery_higher_is_better,1,67,SM-102,SM-102,,134,sela2025_bt_lnp_iv_fig4b,SM-102,Brain endothelial cells,intravenous,Mouse,,,50.2,"percent contribution to total brain tdTomato MFI; Cre mRNA IV in Ai9 mice, 48 h; Fig. 4B",higher_is_better,50.2,sela2025_bt_lnp_iv_fig4b__percent_contribution_to_total_brain_tdTomato_MFI_Cre_mRNA_IV_in_Ai9_mice_48_h_Fig_4B,10,29.98,19.345480092259276,109.8,-6.7,NR,50.25:10.05:38.19:1.01:0.5 (SM-102:DOPE:Chol:DMG-PEG1000:DMG-PEG2000-moiety mol%),,DOPE,DMG-PEG1000; DMG-PEG2000,O=C(OC(CCCCCCCC)CCCCCCCC)CCCCCCCN(CCO)CCCCCC(OCCCCCCCCCCC)=O,CCCCCCCCCCCOC(=O)CCCCCN(CCO)CCCCCCCC(=O)OC(CCCCCCCC)CCCCCCCC
Brain_LNPDB_v2_training,Brain_LNPDB_v2,brain,intravenous,Mouse,mRNA,Individual,max,within_assay_zscored_delivery_higher_is_better,1,68,SM-102,SM-102,,135,sela2025_bt_lnp_iv_fig4b,SM-102,Brain oligodendrocytes,intravenous,Mouse,,,42.1,"percent contribution to total brain tdTomato MFI; Cre mRNA IV in Ai9 mice, 48 h; Fig. 4B",higher_is_better,42.1,sela2025_bt_lnp_iv_fig4b__percent_contribution_to_total_brain_tdTomato_MFI_Cre_mRNA_IV_in_Ai9_mice_48_h_Fig_4B,10,29.98,19.345480092259276,109.8,-6.7,NR,50.25:10.05:38.19:1.01:0.5 (SM-102:DOPE:Chol:DMG-PEG1000:DMG-PEG2000-moiety mol%),,DOPE,DMG-PEG1000; DMG-PEG2000,O=C(OC(CCCCCCCC)CCCCCCCC)CCCCCCCN(CCO)CCCCCC(OCCCCCCCCCCC)=O,CCCCCCCCCCCOC(=O)CCCCCN(CCO)CCCCCCCC(=O)OC(CCCCCCCC)CCCCCCCC
Brain_LNPDB_v2_training,Brain_LNPDB_v2,brain,intravenous,Mouse,mRNA,Individual,max,within_assay_zscored_delivery_higher_is_better,1,69,SM-102 + Acetylcholine-LNP,SM-102 + Acetylcholine-LNP,,126,sela2025_bt_lnp_iv_fig4b,SM-102 + Acetylcholine-LNP,Brain neurons,intravenous,Mouse,,,59.1,"percent contribution to total brain tdTomato MFI; Cre mRNA IV in Ai9 mice, 48 h; Fig. 4B",higher_is_better,59.1,sela2025_bt_lnp_iv_fig4b__percent_contribution_to_total_brain_tdTomato_MFI_Cre_mRNA_IV_in_Ai9_mice_48_h_Fig_4B,10,29.98,19.345480092259276,149.1,-13.4,NR,50.25:10.05:38.19:1.01:0.5 (SM-102:DOPE:Chol:DMG-PEG1000:DMG-PEG2000-moiety mol%),,DOPE,DMG-PEG1000; DMG-PEG2000-acetylcholine,O=C(OC(CCCCCCCC)CCCCCCCC)CCCCCCCN(CCO)CCCCCC(OCCCCCCCCCCC)=O,CCCCCCCCCCCOC(=O)CCCCCN(CCO)CCCCCCCC(=O)OC(CCCCCCCC)CCCCCCCC
Brain_LNPDB_v2_training,Brain_LNPDB_v2,brain,intravenous,Mouse,mRNA,Individual,max,within_assay_zscored_delivery_higher_is_better,1,70,SM-102 + Acetylcholine-LNP,SM-102 + Acetylcholine-LNP,,127,sela2025_bt_lnp_iv_fig4b,SM-102 + Acetylcholine-LNP,Brain endothelial cells,intravenous,Mouse,,,38.5,"percent contribution to total brain tdTomato MFI; Cre mRNA IV in Ai9 mice, 48 h; Fig. 4B",higher_is_better,38.5,sela2025_bt_lnp_iv_fig4b__percent_contribution_to_total_brain_tdTomato_MFI_Cre_mRNA_IV_in_Ai9_mice_48_h_Fig_4B,10,29.98,19.345480092259276,149.1,-13.4,NR,50.25:10.05:38.19:1.01:0.5 (SM-102:DOPE:Chol:DMG-PEG1000:DMG-PEG2000-moiety mol%),,DOPE,DMG-PEG1000; DMG-PEG2000-acetylcholine,O=C(OC(CCCCCCCC)CCCCCCCC)CCCCCCCN(CCO)CCCCCC(OCCCCCCCCCCC)=O,CCCCCCCCCCCOC(=O)CCCCCN(CCO)CCCCCCCC(=O)OC(CCCCCCCC)CCCCCCCC
Brain_LNPDB_v2_training,Brain_LNPDB_v2,brain,intravenous,Mouse,mRNA,Individual,max,within_assay_zscored_delivery_higher_is_better,1,71,SM-102 + Acetylcholine-LNP,SM-102 + Acetylcholine-LNP,,128,sela2025_bt_lnp_iv_fig4b,SM-102 + Acetylcholine-LNP,Brain microglia,intravenous,Mouse,,,2.3,"percent contribution to total brain tdTomato MFI; Cre mRNA IV in Ai9 mice, 48 h; Fig. 4B",higher_is_better,2.3,sela2025_bt_lnp_iv_fig4b__percent_contribution_to_total_brain_tdTomato_MFI_Cre_mRNA_IV_in_Ai9_mice_48_h_Fig_4B,10,29.98,19.345480092259276,149.1,-13.4,NR,50.25:10.05:38.19:1.01:0.5 (SM-102:DOPE:Chol:DMG-PEG1000:DMG-PEG2000-moiety mol%),,DOPE,DMG-PEG1000; DMG-PEG2000-acetylcholine,O=C(OC(CCCCCCCC)CCCCCCCC)CCCCCCCN(CCO)CCCCCC(OCCCCCCCCCCC)=O,CCCCCCCCCCCOC(=O)CCCCCN(CCO)CCCCCCCC(=O)OC(CCCCCCCC)CCCCCCCC
Brain_LNPDB_v2_training,Brain_LNPDB_v2,brain,intravenous,Mouse,mRNA,Individual,max,within_assay_zscored_delivery_higher_is_better,1,72,SM-102 + Nicotine-LNP,SM-102 + Nicotine-LNP,,129,sela2025_bt_lnp_iv_fig4b,SM-102 + Nicotine-LNP,Brain neurons,intravenous,Mouse,,,25.5,"percent contribution to total brain tdTomato MFI; Cre mRNA IV in Ai9 mice, 48 h; Fig. 4B",higher_is_better,25.5,sela2025_bt_lnp_iv_fig4b__percent_contribution_to_total_brain_tdTomato_MFI_Cre_mRNA_IV_in_Ai9_mice_48_h_Fig_4B,10,29.98,19.345480092259276,161,-10.7,NR,50.25:10.05:38.19:1.01:0.5 (SM-102:DOPE:Chol:DMG-PEG1000:DMG-PEG2000-moiety mol%),,DOPE,DMG-PEG1000; DMG-PEG2000-nicotine,O=C(OC(CCCCCCCC)CCCCCCCC)CCCCCCCN(CCO)CCCCCC(OCCCCCCCCCCC)=O,CCCCCCCCCCCOC(=O)CCCCCN(CCO)CCCCCCCC(=O)OC(CCCCCCCC)CCCCCCCC
Brain_LNPDB_v2_training,Brain_LNPDB_v2,brain,intravenous,Mouse,mRNA,Individual,max,within_assay_zscored_delivery_higher_is_better,1,73,SM-102 + Nicotine-LNP,SM-102 + Nicotine-LNP,,130,sela2025_bt_lnp_iv_fig4b,SM-102 + Nicotine-LNP,Brain endothelial cells,intravenous,Mouse,,,47.8,"percent contribution to total brain tdTomato MFI; Cre mRNA IV in Ai9 mice, 48 h; Fig. 4B",higher_is_better,47.8,sela2025_bt_lnp_iv_fig4b__percent_contribution_to_total_brain_tdTomato_MFI_Cre_mRNA_IV_in_Ai9_mice_48_h_Fig_4B,10,29.98,19.345480092259276,161,-10.7,NR,50.25:10.05:38.19:1.01:0.5 (SM-102:DOPE:Chol:DMG-PEG1000:DMG-PEG2000-moiety mol%),,DOPE,DMG-PEG1000; DMG-PEG2000-nicotine,O=C(OC(CCCCCCCC)CCCCCCCC)CCCCCCCN(CCO)CCCCCC(OCCCCCCCCCCC)=O,CCCCCCCCCCCOC(=O)CCCCCN(CCO)CCCCCCCC(=O)OC(CCCCCCCC)CCCCCCCC
Brain_LNPDB_v2_training,Brain_LNPDB_v2,brain,intravenous,Mouse,mRNA,Individual,max,within_assay_zscored_delivery_higher_is_better,1,74,SM-102 + Nicotine-LNP,SM-102 + Nicotine-LNP,,131,sela2025_bt_lnp_iv_fig4b,SM-102 + Nicotine-LNP,Brain microglia,intravenous,Mouse,,,20.7,"percent contribution to total brain tdTomato MFI; Cre mRNA IV in Ai9 mice, 48 h; Fig. 4B",higher_is_better,20.7,sela2025_bt_lnp_iv_fig4b__percent_contribution_to_total_brain_tdTomato_MFI_Cre_mRNA_IV_in_Ai9_mice_48_h_Fig_4B,10,29.98,19.345480092259276,161,-10.7,NR,50.25:10.05:38.19:1.01:0.5 (SM-102:DOPE:Chol:DMG-PEG1000:DMG-PEG2000-moiety mol%),,DOPE,DMG-PEG1000; DMG-PEG2000-nicotine,O=C(OC(CCCCCCCC)CCCCCCCC)CCCCCCCN(CCO)CCCCCC(OCCCCCCCCCCC)=O,CCCCCCCCCCCOC(=O)CCCCCN(CCO)CCCCCCCC(=O)OC(CCCCCCCC)CCCCCCCC
Brain_LNPDB_v2_training,Brain_LNPDB_v2,brain,intravenous,Mouse,mRNA,Individual,max,within_assay_zscored_delivery_higher_is_better,1,75,SM-102 + Nicotine-LNP,SM-102 + Nicotine-LNP,,132,sela2025_bt_lnp_iv_fig4b,SM-102 + Nicotine-LNP,Brain oligodendrocytes,intravenous,Mouse,,,5.9,"percent contribution to total brain tdTomato MFI; Cre mRNA IV in Ai9 mice, 48 h; Fig. 4B",higher_is_better,5.9,sela2025_bt_lnp_iv_fig4b__percent_contribution_to_total_brain_tdTomato_MFI_Cre_mRNA_IV_in_Ai9_mice_48_h_Fig_4B,10,29.98,19.345480092259276,161,-10.7,NR,50.25:10.05:38.19:1.01:0.5 (SM-102:DOPE:Chol:DMG-PEG1000:DMG-PEG2000-moiety mol%),,DOPE,DMG-PEG1000; DMG-PEG2000-nicotine,O=C(OC(CCCCCCCC)CCCCCCCC)CCCCCCCN(CCO)CCCCCC(OCCCCCCCCCCC)=O,CCCCCCCCCCCOC(=O)CCCCCN(CCO)CCCCCCCC(=O)OC(CCCCCCCC)CCCCCCCC
Brain_LNPDB_v2_training,Brain_LNPDB_v2,brain,intravenous,Mouse,siRNA,Individual,max,within_assay_zscored_delivery_higher_is_better,1,76,SM-102 + NT1-O14B,SM-102 + NT1-O14B,,142,tong2025_peg_anchor_gbm_brain_iv,SM-102 + NT1-O14B,Orthotopic GBM brain,intravenous,Mouse,,,1.0,fold GBM-brain Cy5-siNC fluorescence at 1 h vs DMPE-PEG within PE family or DMG-PEG within DG family; IV 0.5 mg/kg siRNA; text-reported ratio,higher_is_better,1.0,tong2025_peg_anchor_gbm_brain_iv__fold_GBM_brain_Cy5_siNC_fluorescence_at_1_h_vs_DMPE_PEG_within_PE_family_or_DMG_PEG_within_DG_family_IV_0_5_mg_kg_siRNA_text_reported_ratio,5,1.4,0.4255349574359314,125,-6.7,6.44,30.4:7.6:10.08:50.42:1.5 (SM-102:NT1-O14B:DSPC:Chol:PEG-lipid molar); N/P 7:1,,DSPC,DMPE-PEG2k (C14),O=C(OC(CCCCCCCC)CCCCCCCC)CCCCCCCN(CCO)CCCCCC(OCCCCCCCCCCC)=O,CCCCCCCCCCCOC(=O)CCCCCN(CCO)CCCCCCCC(=O)OC(CCCCCCCC)CCCCCCCC
Brain_LNPDB_v2_training,Brain_LNPDB_v2,brain,intravenous,Mouse,siRNA,Individual,max,within_assay_zscored_delivery_higher_is_better,1,77,SM-102 + NT1-O14B,SM-102 + NT1-O14B,,143,tong2025_peg_anchor_gbm_brain_iv,SM-102 + NT1-O14B,Orthotopic GBM brain,intravenous,Mouse,,,1.19,fold GBM-brain Cy5-siNC fluorescence at 1 h vs DMPE-PEG within PE family or DMG-PEG within DG family; IV 0.5 mg/kg siRNA; text-reported ratio,higher_is_better,1.19,tong2025_peg_anchor_gbm_brain_iv__fold_GBM_brain_Cy5_siNC_fluorescence_at_1_h_vs_DMPE_PEG_within_PE_family_or_DMG_PEG_within_DG_family_IV_0_5_mg_kg_siRNA_text_reported_ratio,5,1.4,0.4255349574359314,93,-9.2,6.47,30.4:7.6:10.08:50.42:1.5 (SM-102:NT1-O14B:DSPC:Chol:PEG-lipid molar); N/P 7:1,,DSPC,DPPE-PEG2k (C16),O=C(OC(CCCCCCCC)CCCCCCCC)CCCCCCCN(CCO)CCCCCC(OCCCCCCCCCCC)=O,CCCCCCCCCCCOC(=O)CCCCCN(CCO)CCCCCCCC(=O)OC(CCCCCCCC)CCCCCCCC
Brain_LNPDB_v2_training,Brain_LNPDB_v2,brain,intravenous,Mouse,siRNA,Individual,max,within_assay_zscored_delivery_higher_is_better,1,78,SM-102 + NT1-O14B,SM-102 + NT1-O14B,,144,tong2025_peg_anchor_gbm_brain_iv,SM-102 + NT1-O14B,Orthotopic GBM brain,intravenous,Mouse,,,2.03,fold GBM-brain Cy5-siNC fluorescence at 1 h vs DMPE-PEG within PE family or DMG-PEG within DG family; IV 0.5 mg/kg siRNA; text-reported ratio,higher_is_better,2.03,tong2025_peg_anchor_gbm_brain_iv__fold_GBM_brain_Cy5_siNC_fluorescence_at_1_h_vs_DMPE_PEG_within_PE_family_or_DMG_PEG_within_DG_family_IV_0_5_mg_kg_siRNA_text_reported_ratio,5,1.4,0.4255349574359314,90,-5.8,6.4,30.4:7.6:10.08:50.42:1.5 (SM-102:NT1-O14B:DSPC:Chol:PEG-lipid molar); N/P 7:1,,DSPC,DSPE-PEG2k (C18),O=C(OC(CCCCCCCC)CCCCCCCC)CCCCCCCN(CCO)CCCCCC(OCCCCCCCCCCC)=O,CCCCCCCCCCCOC(=O)CCCCCN(CCO)CCCCCCCC(=O)OC(CCCCCCCC)CCCCCCCC
Brain_LNPDB_v2_training,Brain_LNPDB_v2,brain,intravenous,Mouse,siRNA,Individual,max,within_assay_zscored_delivery_higher_is_better,1,79,SM-102 + NT1-O14B,SM-102 + NT1-O14B,,145,tong2025_peg_anchor_gbm_brain_iv,SM-102 + NT1-O14B,Orthotopic GBM brain,intravenous,Mouse,,,1.0,fold GBM-brain Cy5-siNC fluorescence at 1 h vs DMPE-PEG within PE family or DMG-PEG within DG family; IV 0.5 mg/kg siRNA; text-reported ratio,higher_is_better,1.0,tong2025_peg_anchor_gbm_brain_iv__fold_GBM_brain_Cy5_siNC_fluorescence_at_1_h_vs_DMPE_PEG_within_PE_family_or_DMG_PEG_within_DG_family_IV_0_5_mg_kg_siRNA_text_reported_ratio,5,1.4,0.4255349574359314,108,-8.5,6.22,30.4:7.6:10.08:50.42:1.5 (SM-102:NT1-O14B:DSPC:Chol:PEG-lipid molar); N/P 7:1,,DSPC,DMG-PEG2k (C14),O=C(OC(CCCCCCCC)CCCCCCCC)CCCCCCCN(CCO)CCCCCC(OCCCCCCCCCCC)=O,CCCCCCCCCCCOC(=O)CCCCCN(CCO)CCCCCCCC(=O)OC(CCCCCCCC)CCCCCCCC
Brain_LNPDB_v2_training,Brain_LNPDB_v2,brain,intravenous,Mouse,siRNA,Individual,max,within_assay_zscored_delivery_higher_is_better,1,80,SM-102 + NT1-O14B,SM-102 + NT1-O14B,,146,tong2025_peg_anchor_gbm_brain_iv,SM-102 + NT1-O14B,Orthotopic GBM brain,intravenous,Mouse,,,1.78,fold GBM-brain Cy5-siNC fluorescence at 1 h vs DMPE-PEG within PE family or DMG-PEG within DG family; IV 0.5 mg/kg siRNA; text-reported ratio,higher_is_better,1.78,tong2025_peg_anchor_gbm_brain_iv__fold_GBM_brain_Cy5_siNC_fluorescence_at_1_h_vs_DMPE_PEG_within_PE_family_or_DMG_PEG_within_DG_family_IV_0_5_mg_kg_siRNA_text_reported_ratio,5,1.4,0.4255349574359314,97,-9,6.34,30.4:7.6:10.08:50.42:1.5 (SM-102:NT1-O14B:DSPC:Chol:PEG-lipid molar); N/P 7:1,,DSPC,DSG-PEG2k (C18),O=C(OC(CCCCCCCC)CCCCCCCC)CCCCCCCN(CCO)CCCCCC(OCCCCCCCCCCC)=O,CCCCCCCCCCCOC(=O)CCCCCN(CCO)CCCCCCCC(=O)OC(CCCCCCCC)CCCCCCCC
Brain_LNPDB_v2_training,Brain_LNPDB_v2,brain,intravenous,Mouse,siRNA,Individual,max,within_assay_zscored_delivery_higher_is_better,1,81,SM-102 + NT1-O14B,SM-102 + NT1-O14B,,147,tong2025_peg_anchor_gbm_siplk1_iv,SM-102 + NT1-O14B,Orthotopic GBM brain tumor,intravenous,Mouse,,,39.6,percent PLK1 mRNA reduction in GBM tissue; siPLK1 IV 2.5 mg/kg every other day x3; qPCR; derived from reported % baseline remaining,higher_is_better,39.6,tong2025_peg_anchor_gbm_siplk1_iv__percent_PLK1_mRNA_reduction_in_GBM_tissue_siPLK1_IV_2_5_mg_kg_every_other_day_x3_qPCR_derived_from_reported_baseline_remaining,5,56.92,10.227492361278006,125,-6.7,6.44,30.4:7.6:10.08:50.42:1.5 (SM-102:NT1-O14B:DSPC:Chol:PEG-lipid molar); N/P 7:1,,DSPC,DMPE-PEG2k (C14),O=C(OC(CCCCCCCC)CCCCCCCC)CCCCCCCN(CCO)CCCCCC(OCCCCCCCCCCC)=O,CCCCCCCCCCCOC(=O)CCCCCN(CCO)CCCCCCCC(=O)OC(CCCCCCCC)CCCCCCCC
Brain_LNPDB_v2_training,Brain_LNPDB_v2,brain,intravenous,Mouse,siRNA,Individual,max,within_assay_zscored_delivery_higher_is_better,1,82,SM-102 + NT1-O14B,SM-102 + NT1-O14B,,148,tong2025_peg_anchor_gbm_siplk1_iv,SM-102 + NT1-O14B,Orthotopic GBM brain tumor,intravenous,Mouse,,,61.2,percent PLK1 mRNA reduction in GBM tissue; siPLK1 IV 2.5 mg/kg every other day x3; qPCR; derived from reported % baseline remaining,higher_is_better,61.2,tong2025_peg_anchor_gbm_siplk1_iv__percent_PLK1_mRNA_reduction_in_GBM_tissue_siPLK1_IV_2_5_mg_kg_every_other_day_x3_qPCR_derived_from_reported_baseline_remaining,5,56.92,10.227492361278006,93,-9.2,6.47,30.4:7.6:10.08:50.42:1.5 (SM-102:NT1-O14B:DSPC:Chol:PEG-lipid molar); N/P 7:1,,DSPC,DPPE-PEG2k (C16),O=C(OC(CCCCCCCC)CCCCCCCC)CCCCCCCN(CCO)CCCCCC(OCCCCCCCCCCC)=O,CCCCCCCCCCCOC(=O)CCCCCN(CCO)CCCCCCCC(=O)OC(CCCCCCCC)CCCCCCCC
Brain_LNPDB_v2_training,Brain_LNPDB_v2,brain,intravenous,Mouse,siRNA,Individual,max,within_assay_zscored_delivery_higher_is_better,1,83,SM-102 + NT1-O14B,SM-102 + NT1-O14B,,149,tong2025_peg_anchor_gbm_siplk1_iv,SM-102 + NT1-O14B,Orthotopic GBM brain tumor,intravenous,Mouse,,,69.0,percent PLK1 mRNA reduction in GBM tissue; siPLK1 IV 2.5 mg/kg every other day x3; qPCR; derived from reported % baseline remaining,higher_is_better,69.0,tong2025_peg_anchor_gbm_siplk1_iv__percent_PLK1_mRNA_reduction_in_GBM_tissue_siPLK1_IV_2_5_mg_kg_every_other_day_x3_qPCR_derived_from_reported_baseline_remaining,5,56.92,10.227492361278006,90,-5.8,6.4,30.4:7.6:10.08:50.42:1.5 (SM-102:NT1-O14B:DSPC:Chol:PEG-lipid molar); N/P 7:1,,DSPC,DSPE-PEG2k (C18),O=C(OC(CCCCCCCC)CCCCCCCC)CCCCCCCN(CCO)CCCCCC(OCCCCCCCCCCC)=O,CCCCCCCCCCCOC(=O)CCCCCN(CCO)CCCCCCCC(=O)OC(CCCCCCCC)CCCCCCCC
Brain_LNPDB_v2_training,Brain_LNPDB_v2,brain,intravenous,Mouse,siRNA,Individual,max,within_assay_zscored_delivery_higher_is_better,1,84,SM-102 + NT1-O14B,SM-102 + NT1-O14B,,150,tong2025_peg_anchor_gbm_siplk1_iv,SM-102 + NT1-O14B,Orthotopic GBM brain tumor,intravenous,Mouse,,,52.0,percent PLK1 mRNA reduction in GBM tissue; siPLK1 IV 2.5 mg/kg every other day x3; qPCR; derived from reported % baseline remaining,higher_is_better,52.0,tong2025_peg_anchor_gbm_siplk1_iv__percent_PLK1_mRNA_reduction_in_GBM_tissue_siPLK1_IV_2_5_mg_kg_every_other_day_x3_qPCR_derived_from_reported_baseline_remaining,5,56.92,10.227492361278006,108,-8.5,6.22,30.4:7.6:10.08:50.42:1.5 (SM-102:NT1-O14B:DSPC:Chol:PEG-lipid molar); N/P 7:1,,DSPC,DMG-PEG2k (C14),O=C(OC(CCCCCCCC)CCCCCCCC)CCCCCCCN(CCO)CCCCCC(OCCCCCCCCCCC)=O,CCCCCCCCCCCOC(=O)CCCCCN(CCO)CCCCCCCC(=O)OC(CCCCCCCC)CCCCCCCC
Brain_LNPDB_v2_training,Brain_LNPDB_v2,brain,intravenous,Mouse,siRNA,Individual,max,within_assay_zscored_delivery_higher_is_better,1,85,SM-102 + NT1-O14B,SM-102 + NT1-O14B,,151,tong2025_peg_anchor_gbm_siplk1_iv,SM-102 + NT1-O14B,Orthotopic GBM brain tumor,intravenous,Mouse,,,62.8,percent PLK1 mRNA reduction in GBM tissue; siPLK1 IV 2.5 mg/kg every other day x3; qPCR; derived from reported % baseline remaining,higher_is_better,62.8,tong2025_peg_anchor_gbm_siplk1_iv__percent_PLK1_mRNA_reduction_in_GBM_tissue_siPLK1_IV_2_5_mg_kg_every_other_day_x3_qPCR_derived_from_reported_baseline_remaining,5,56.92,10.227492361278006,97,-9,6.34,30.4:7.6:10.08:50.42:1.5 (SM-102:NT1-O14B:DSPC:Chol:PEG-lipid molar); N/P 7:1,,DSPC,DSG-PEG2k (C18),O=C(OC(CCCCCCCC)CCCCCCCC)CCCCCCCN(CCO)CCCCCC(OCCCCCCCCCCC)=O,CCCCCCCCCCCOC(=O)CCCCCN(CCO)CCCCCCCC(=O)OC(CCCCCCCC)CCCCCCCC
Brain_LNPDB_v2_training,Brain_LNPDB_v2,brain,intravenous,Mouse,siRNA,Individual,max,within_assay_zscored_delivery_higher_is_better,1,86,SM-102 + NT1-O14B,SM-102 + NT1-O14B,,137,tong2025_peg_anchor_healthy_brain_iv,SM-102 + NT1-O14B,Brain,intravenous,Mouse,,,1.0,fold brain Cy5-siNC fluorescence at 1 h vs DMPE-PEG within PE family or DMG-PEG within DG family; IV 0.5 mg/kg siRNA; text-reported ratio,higher_is_better,1.0,tong2025_peg_anchor_healthy_brain_iv__fold_brain_Cy5_siNC_fluorescence_at_1_h_vs_DMPE_PEG_within_PE_family_or_DMG_PEG_within_DG_family_IV_0_5_mg_kg_siRNA_text_reported_ratio,5,1.412,0.41614420577487315,125,-6.7,6.44,30.4:7.6:10.08:50.42:1.5 (SM-102:NT1-O14B:DSPC:Chol:PEG-lipid molar); N/P 7:1,,DSPC,DMPE-PEG2k (C14),O=C(OC(CCCCCCCC)CCCCCCCC)CCCCCCCN(CCO)CCCCCC(OCCCCCCCCCCC)=O,CCCCCCCCCCCOC(=O)CCCCCN(CCO)CCCCCCCC(=O)OC(CCCCCCCC)CCCCCCCC
Brain_LNPDB_v2_training,Brain_LNPDB_v2,brain,intravenous,Mouse,siRNA,Individual,max,within_assay_zscored_delivery_higher_is_better,1,87,SM-102 + NT1-O14B,SM-102 + NT1-O14B,,138,tong2025_peg_anchor_healthy_brain_iv,SM-102 + NT1-O14B,Brain,intravenous,Mouse,,,1.24,fold brain Cy5-siNC fluorescence at 1 h vs DMPE-PEG within PE family or DMG-PEG within DG family; IV 0.5 mg/kg siRNA; text-reported ratio,higher_is_better,1.24,tong2025_peg_anchor_healthy_brain_iv__fold_brain_Cy5_siNC_fluorescence_at_1_h_vs_DMPE_PEG_within_PE_family_or_DMG_PEG_within_DG_family_IV_0_5_mg_kg_siRNA_text_reported_ratio,5,1.412,0.41614420577487315,93,-9.2,6.47,30.4:7.6:10.08:50.42:1.5 (SM-102:NT1-O14B:DSPC:Chol:PEG-lipid molar); N/P 7:1,,DSPC,DPPE-PEG2k (C16),O=C(OC(CCCCCCCC)CCCCCCCC)CCCCCCCN(CCO)CCCCCC(OCCCCCCCCCCC)=O,CCCCCCCCCCCOC(=O)CCCCCN(CCO)CCCCCCCC(=O)OC(CCCCCCCC)CCCCCCCC
Brain_LNPDB_v2_training,Brain_LNPDB_v2,brain,intravenous,Mouse,siRNA,Individual,max,within_assay_zscored_delivery_higher_is_better,1,88,SM-102 + NT1-O14B,SM-102 + NT1-O14B,,139,tong2025_peg_anchor_healthy_brain_iv,SM-102 + NT1-O14B,Brain,intravenous,Mouse,,,1.89,fold brain Cy5-siNC fluorescence at 1 h vs DMPE-PEG within PE family or DMG-PEG within DG family; IV 0.5 mg/kg siRNA; text-reported ratio,higher_is_better,1.89,tong2025_peg_anchor_healthy_brain_iv__fold_brain_Cy5_siNC_fluorescence_at_1_h_vs_DMPE_PEG_within_PE_family_or_DMG_PEG_within_DG_family_IV_0_5_mg_kg_siRNA_text_reported_ratio,5,1.412,0.41614420577487315,90,-5.8,6.4,30.4:7.6:10.08:50.42:1.5 (SM-102:NT1-O14B:DSPC:Chol:PEG-lipid molar); N/P 7:1,,DSPC,DSPE-PEG2k (C18),O=C(OC(CCCCCCCC)CCCCCCCC)CCCCCCCN(CCO)CCCCCC(OCCCCCCCCCCC)=O,CCCCCCCCCCCOC(=O)CCCCCN(CCO)CCCCCCCC(=O)OC(CCCCCCCC)CCCCCCCC
Brain_LNPDB_v2_training,Brain_LNPDB_v2,brain,intravenous,Mouse,siRNA,Individual,max,within_assay_zscored_delivery_higher_is_better,1,89,SM-102 + NT1-O14B,SM-102 + NT1-O14B,,140,tong2025_peg_anchor_healthy_brain_iv,SM-102 + NT1-O14B,Brain,intravenous,Mouse,,,1.0,fold brain Cy5-siNC fluorescence at 1 h vs DMPE-PEG within PE family or DMG-PEG within DG family; IV 0.5 mg/kg siRNA; text-reported ratio,higher_is_better,1.0,tong2025_peg_anchor_healthy_brain_iv__fold_brain_Cy5_siNC_fluorescence_at_1_h_vs_DMPE_PEG_within_PE_family_or_DMG_PEG_within_DG_family_IV_0_5_mg_kg_siRNA_text_reported_ratio,5,1.412,0.41614420577487315,108,-8.5,6.22,30.4:7.6:10.08:50.42:1.5 (SM-102:NT1-O14B:DSPC:Chol:PEG-lipid molar); N/P 7:1,,DSPC,DMG-PEG2k (C14),O=C(OC(CCCCCCCC)CCCCCCCC)CCCCCCCN(CCO)CCCCCC(OCCCCCCCCCCC)=O,CCCCCCCCCCCOC(=O)CCCCCN(CCO)CCCCCCCC(=O)OC(CCCCCCCC)CCCCCCCC
Brain_LNPDB_v2_training,Brain_LNPDB_v2,brain,intravenous,Mouse,siRNA,Individual,max,within_assay_zscored_delivery_higher_is_better,1,90,SM-102 + NT1-O14B,SM-102 + NT1-O14B,,141,tong2025_peg_anchor_healthy_brain_iv,SM-102 + NT1-O14B,Brain,intravenous,Mouse,,,1.93,fold brain Cy5-siNC fluorescence at 1 h vs DMPE-PEG within PE family or DMG-PEG within DG family; IV 0.5 mg/kg siRNA; text-reported ratio,higher_is_better,1.93,tong2025_peg_anchor_healthy_brain_iv__fold_brain_Cy5_siNC_fluorescence_at_1_h_vs_DMPE_PEG_within_PE_family_or_DMG_PEG_within_DG_family_IV_0_5_mg_kg_siRNA_text_reported_ratio,5,1.412,0.41614420577487315,97,-9,6.34,30.4:7.6:10.08:50.42:1.5 (SM-102:NT1-O14B:DSPC:Chol:PEG-lipid molar); N/P 7:1,,DSPC,DSG-PEG2k (C18),O=C(OC(CCCCCCCC)CCCCCCCC)CCCCCCCN(CCO)CCCCCC(OCCCCCCCCCCC)=O,CCCCCCCCCCCOC(=O)CCCCCN(CCO)CCCCCCCC(=O)OC(CCCCCCCC)CCCCCCCC
Brain_LNPDB_v2_training,Brain_LNPDB_v2,brain,intravenous,Mouse,mRNA,Individual,max,within_assay_zscored_delivery_higher_is_better,1,91,C14-306,C14-306,,265,han2026_brain_barcode_iv_lnp14,C14-306,Brain,intravenous,Mouse,luciferase mRNA expression,in vivo IV brain expression at 6 h,6.9,fold higher brain luciferase mRNA transfection vs SM-102 benchmark LNP 102 at 6 h; text-reported,log2_fold_then_within_assay_zscore_higher_is_better,2.786596361890807,han2026_brain_barcode_iv_C14_306__fold_vs_SM102,2,2.337060816316197,0.44953554557460973,121,NR,NR,45:16:36.5:2.5 C14-306:DOPE:cholesterol:C14-PEG2000 molar; ionizable lipid:mRNA 10:1 w/w; IV FLuc mRNA 0.35 mg/kg,45:16:36.5:2.5,DOPE; cholesterol,C14-PEG2000,CN(CCCN(CC(O)CCCCCCCCCCCC)CC(CCCCCCCCCCCC)O)CCCN(CC(O)CCCCCCCCCCCC)CC(CCCCCCCCCCCC)O,CCCCCCCCCCCCC(O)CN(CCCN(C)CCCN(CC(O)CCCCCCCCCCCC)CC(O)CCCCCCCCCCCC)CC(O)CCCCCCCCCCCC
Brain_LNPDB_v2_training,Brain_LNPDB_v2,brain,intravenous,Mouse,mRNA,Individual,max,within_assay_zscored_delivery_higher_is_better,1,92,C14-306,C14-306,,267,han2026_brain_barcode_iv_lnp13,C14-306,Brain,intravenous,Mouse,luciferase mRNA expression,in vivo IV brain expression at 6 h,3.7,fold higher brain luciferase mRNA transfection vs SM-102 benchmark LNP 102 at 6 h; text-reported,log2_fold_then_within_assay_zscore_higher_is_better,1.8875252707415875,han2026_brain_barcode_iv_C14_306__fold_vs_SM102,2,2.337060816316197,0.44953554557460973,121,NR,NR,35:16:46.5:2.5 C14-306:DOPE:cholesterol:C14-PEG2000 molar; ionizable lipid:mRNA 10:1 w/w; IV FLuc mRNA 0.35 mg/kg,35:16:46.5:2.5,DOPE; cholesterol,C14-PEG2000,CN(CCCN(CC(O)CCCCCCCCCCCC)CC(CCCCCCCCCCCC)O)CCCN(CC(O)CCCCCCCCCCCC)CC(CCCCCCCCCCCC)O,CCCCCCCCCCCCC(O)CN(CCCN(C)CCCN(CC(O)CCCCCCCCCCCC)CC(O)CCCCCCCCCCCC)CC(O)CCCCCCCCCCCC
